{
  "title": "Diff iPhone13_3 21G93 vs 21G101",
  "kexts": {},
  "ents": "- No differences found\n",
  "dylibs": {
    "updated": {
      "/System/Library/PrivateFrameworks/CallHistory.framework/CallHistory": "```diff\n\n   __TEXT.__objc_methlist: 0x2890\n   __TEXT.__const: 0x210\n   __TEXT.__gcc_except_tab: 0x5ac\n-  __TEXT.__cstring: 0x1e4a\n+  __TEXT.__cstring: 0x1e4b\n   __TEXT.__oslogstring: 0x34f2\n   __TEXT.__dlopen_cstrs: 0x95\n   __TEXT.__unwind_info: 0xd94\n\n   - /usr/lib/libSystem.B.dylib\n   - /usr/lib/libTelephonyUtilDynamic.dylib\n   - /usr/lib/libobjc.A.dylib\n-  UUID: 00C138FA-FD70-35C9-ADF4-9604681BEE75\n+  UUID: 796D717D-50CC-3A76-BE7E-046D5F4A010C\n   Functions: 1208\n   Symbols:   4436\n   CStrings:  0\n\n```\n",
      "/System/Library/PrivateFrameworks/SeymourServices.framework/SeymourServices": "```diff\n\n-843.44.0.0.0\n-  __TEXT.__text: 0x7c9a10\n-  __TEXT.__auth_stubs: 0xafc0\n+843.46.0.0.0\n+  __TEXT.__text: 0x7c91f8\n+  __TEXT.__auth_stubs: 0xafd0\n   __TEXT.__objc_methlist: 0x1094\n-  __TEXT.__const: 0x17c70\n-  __TEXT.__cstring: 0x2b248\n-  __TEXT.__constg_swiftt: 0xc388\n+  __TEXT.__const: 0x17cc0\n+  __TEXT.__cstring: 0x2b338\n+  __TEXT.__constg_swiftt: 0xc390\n   __TEXT.__swift5_typeref: 0x13344\n   __TEXT.__swift5_builtin: 0x208\n   __TEXT.__swift5_reflstr: 0xbe8e\n\n   __TEXT.__swift5_assocty: 0x1cc0\n   __TEXT.__swift5_proto: 0xfbc\n   __TEXT.__swift5_types: 0x94c\n-  __TEXT.__swift5_capture: 0x15bd0\n+  __TEXT.__swift5_capture: 0x15be0\n   __TEXT.__swift5_protos: 0x2e8\n   __TEXT.__swift5_mpenum: 0x120\n-  __TEXT.__unwind_info: 0x17adc\n-  __TEXT.__eh_frame: 0x3cde4\n+  __TEXT.__unwind_info: 0x17b0c\n+  __TEXT.__eh_frame: 0x3ce1c\n   __TEXT.__objc_classname: 0x24a\n-  __TEXT.__objc_methname: 0x6127\n+  __TEXT.__objc_methname: 0x611d\n   __TEXT.__objc_methtype: 0x18a5\n   __TEXT.__objc_stubs: 0x1c0\n   __DATA_CONST.__got: 0x43e0\n\n   __DATA_CONST.__objc_protolist: 0x1c0\n   __DATA_CONST.__objc_imageinfo: 0x8\n   __DATA_CONST.__objc_const: 0x162d0\n-  __DATA_CONST.__objc_selrefs: 0x1db0\n+  __DATA_CONST.__objc_selrefs: 0x1da8\n   __DATA_CONST.__objc_protorefs: 0xf0\n   __DATA_CONST.__objc_classrefs: 0x448\n   __DATA_CONST.__objc_superrefs: 0x8\n   __AUTH_CONST.__cfstring: 0x2e0\n   __AUTH_CONST.__objc_const: 0x420\n   __AUTH_CONST.__objc_intobj: 0x18\n-  __AUTH_CONST.__const: 0x461c8\n+  __AUTH_CONST.__const: 0x461f8\n   __AUTH_CONST.__auth_ptr: 0xc68\n-  __AUTH_CONST.__auth_got: 0x57e8\n+  __AUTH_CONST.__auth_got: 0x57f0\n   __AUTH.__objc_data: 0x2aa8\n   __AUTH.__data: 0x6f80\n   __DATA.__objc_ivar: 0x8\n\n   - /usr/lib/swift/libswift_Concurrency.dylib\n   - /usr/lib/swift/libswiftos.dylib\n   - /usr/lib/swift/libswiftsimd.dylib\n-  UUID: D3FB4D29-D80C-378E-B02D-ED3996F15CD1\n-  Functions: 32423\n-  Symbols:   8745\n+  UUID: F4D78F0E-40E2-3DE2-AF18-A42155C7D4F1\n+  Functions: 32430\n+  Symbols:   8746\n   CStrings:  0\n \nSymbols:\n+ _swift_deallocUninitializedObject\n\n```\n",
      "/usr/lib/libauthinstall.dylib": "```diff\n\n   __TEXT.__text: 0x968ec\n   __TEXT.__auth_stubs: 0x1820\n   __TEXT.__objc_methlist: 0x26d4\n-  __TEXT.__cstring: 0x1c912\n+  __TEXT.__cstring: 0x1c913\n   __TEXT.__const: 0xab60\n   __TEXT.__oslogstring: 0x48b\n   __TEXT.__gcc_except_tab: 0x2b94\n\n   - /usr/lib/libobjc.A.dylib\n   - /usr/lib/libz.1.dylib\n   - /usr/lib/updaters/libT200Updater.dylib\n-  UUID: 6C9794B4-5357-34BA-AD74-2438AD34779C\n+  UUID: 4EB19EE9-1E45-33EA-A113-5C0E1AF90FD0\n   Functions: 2498\n   Symbols:   7313\n   CStrings:  0\n\n```\n",
      "/usr/lib/libimage4.dylib": "```diff\n\n   __TEXT.__text: 0x26090\n   __TEXT.__auth_stubs: 0x6a0\n   __TEXT.__const: 0x8850\n-  __TEXT.__cstring: 0x54c6\n+  __TEXT.__cstring: 0x54c8\n   __TEXT.__oslogstring: 0x7e\n   __TEXT.__unwind_info: 0x9f8\n   __DATA_CONST.__got: 0x28\n\n   - /System/Library/Frameworks/CoreFoundation.framework/CoreFoundation\n   - /System/Library/Frameworks/IOKit.framework/Versions/A/IOKit\n   - /usr/lib/libSystem.B.dylib\n-  UUID: 9550A8CD-D7B1-36BB-952B-C9A59F539D4C\n+  UUID: F4ADEBF2-99B4-3A6B-88C3-5D4A246F7024\n   Functions: 1007\n   Symbols:   3063\n   CStrings:  0\n\n```\n",
      "/usr/lib/updaters/libVinylUpdater.dylib": "```diff\n\n   __TEXT.__auth_stubs: 0x13a0\n   __TEXT.__init_offsets: 0x34\n   __TEXT.__gcc_except_tab: 0x20c8\n-  __TEXT.__cstring: 0x5de0\n+  __TEXT.__cstring: 0x5de1\n   __TEXT.__const: 0xdc0\n   __TEXT.__unwind_info: 0xf28\n   __TEXT.__eh_frame: 0x178\n\n   - /usr/lib/libc++.1.dylib\n   - /usr/lib/libobjc.A.dylib\n   - /usr/lib/libz.1.dylib\n-  UUID: 54CABE4A-BDAC-3AA8-83E5-C6442B337A9E\n+  UUID: 90FD2C93-EFA5-3463-9989-19F18BA415BF\n   Functions: 651\n   Symbols:   2041\n   CStrings:  0\n\n```\n"
    }
  },
  "machos": {
    "updated": {
      "/usr/libexec/lockdownd": "```diff\n\n   __TEXT.__auth_stubs: 0x2ab0\n   __TEXT.__objc_stubs: 0x4120\n   __TEXT.__objc_methlist: 0x31ec\n-  __TEXT.__cstring: 0x487f0\n+  __TEXT.__cstring: 0x487f1\n   __TEXT.__const: 0x18130\n   __TEXT.__oslogstring: 0x6bc\n   __TEXT.__gcc_except_tab: 0x34bc\n\n   - /usr/lib/liblzma.5.dylib\n   - /usr/lib/libobjc.A.dylib\n   - /usr/lib/libz.1.dylib\n-  UUID: 0E46563E-9F7E-325F-8EE0-525AE31F6413\n+  UUID: 8771D7D4-3A82-3B3D-9F7F-D853EBBEC7D5\n   Functions: 2830\n   Symbols:   882\n   CStrings:  0\n\n```\n"
    }
  }
}