{
  "title": "Diff iPhone13_3 21F79 vs 21F90",
  "kexts": {},
  "ents": "- No differences found\n",
  "dylibs": {
    "updated": {
      "/System/Library/PrivateFrameworks/AirTrafficDevice.framework/AirTrafficDevice": "```diff\n\n-4023.610.2.0.0\n-  __TEXT.__text: 0x112414\n+4023.610.6.0.0\n+  __TEXT.__text: 0x112454\n   __TEXT.__auth_stubs: 0xca0\n   __TEXT.__objc_methlist: 0x2b24\n   __TEXT.__const: 0x15668\n\n   - /usr/lib/libSystem.B.dylib\n   - /usr/lib/liblockdown.dylib\n   - /usr/lib/libobjc.A.dylib\n-  UUID: A7682326-01DF-3FB7-AD4C-6F7158EEE15E\n+  UUID: 1789BD06-FDA1-3A66-8C0A-71ECB2BC9A37\n   Functions: 1627\n   Symbols:   5737\n   CStrings:  0\n\n```\n",
      "/System/Library/PrivateFrameworks/IDSFoundation.framework/IDSFoundation": "```diff\n\n-1814.600.72.0.0\n-  __TEXT.__text: 0x1acfb8\n+1814.600.72.2.1\n+  __TEXT.__text: 0x1ad044\n   __TEXT.__auth_stubs: 0x24b0\n-  __TEXT.__objc_methlist: 0x1497c\n+  __TEXT.__objc_methlist: 0x14974\n   __TEXT.__const: 0x508\n   __TEXT.__oslogstring: 0x204fb\n-  __TEXT.__cstring: 0x296e0\n+  __TEXT.__cstring: 0x296bf\n   __TEXT.__gcc_except_tab: 0x7a04\n   __TEXT.__ustring: 0xc\n   __TEXT.__dlopen_cstrs: 0xac\n   __TEXT.__unwind_info: 0x5260\n   __TEXT.__objc_classname: 0x328c\n-  __TEXT.__objc_methname: 0x2e621\n+  __TEXT.__objc_methname: 0x2e5b5\n   __TEXT.__objc_methtype: 0x6b3e\n   __TEXT.__objc_stubs: 0x17600\n   __DATA_CONST.__got: 0x310\n-  __DATA_CONST.__const: 0x5378\n+  __DATA_CONST.__const: 0x5370\n   __DATA_CONST.__objc_classlist: 0xcf0\n   __DATA_CONST.__objc_catlist: 0x68\n   __DATA_CONST.__objc_protolist: 0x160\n   __DATA_CONST.__objc_imageinfo: 0x8\n-  __DATA_CONST.__objc_const: 0x263b8\n-  __DATA_CONST.__objc_selrefs: 0x8cb0\n+  __DATA_CONST.__objc_const: 0x26388\n+  __DATA_CONST.__objc_selrefs: 0x8ca8\n   __DATA_CONST.__objc_protorefs: 0x30\n   __DATA_CONST.__objc_classrefs: 0xa28\n   __DATA_CONST.__objc_superrefs: 0x978\n   __DATA_CONST.__objc_arraydata: 0x14e0\n   __AUTH_CONST.__objc_const: 0x9bd0\n   __AUTH_CONST.__const: 0x1780\n-  __AUTH_CONST.__cfstring: 0x25880\n+  __AUTH_CONST.__cfstring: 0x25860\n   __AUTH_CONST.__auth_ptr: 0x38\n   __AUTH_CONST.__objc_intobj: 0xa98\n   __AUTH_CONST.__objc_arrayobj: 0x1e78\n\n   __AUTH_CONST.__objc_dictobj: 0x78\n   __AUTH_CONST.__auth_got: 0x1268\n   __AUTH.__objc_data: 0x6cc0\n-  __DATA.__objc_ivar: 0x2144\n+  __DATA.__objc_ivar: 0x2140\n   __DATA.__data: 0x1640\n   __DATA.__crash_info: 0x40\n   __DATA.__bss: 0x6b8\n\n   - /usr/lib/libSystem.B.dylib\n   - /usr/lib/libnetwork.dylib\n   - /usr/lib/libobjc.A.dylib\n-  UUID: 8287A0D4-4A9A-3068-9F0E-BBDAABCDF987\n-  Functions: 8482\n-  Symbols:   4209\n+  UUID: 63C9268B-4CBF-3041-BE16-41113AEE3CA4\n+  Functions: 8481\n+  Symbols:   4208\n   CStrings:  0\n \nSymbols:\n- _IDSServicePropertyDisablePersistMessagesOnVisionOS\n\n```\n",
      "/System/Library/PrivateFrameworks/IntelligencePlatformCore.framework/IntelligencePlatformCore": "```diff\n\n 75.15.0.0.0\n-  __TEXT.__text: 0xad540c\n+  __TEXT.__text: 0xad53c4\n   __TEXT.__auth_stubs: 0x9170\n   __TEXT.__objc_methlist: 0x154c\n   __TEXT.__const: 0x5a1b9\n   __TEXT.__cstring: 0x54dea\n   __TEXT.__swift5_typeref: 0x19ab0\n   __TEXT.__constg_swiftt: 0x1e8d0\n-  __TEXT.__swift5_reflstr: 0x23f8c\n+  __TEXT.__swift5_reflstr: 0x23f6c\n   __TEXT.__swift5_fieldmd: 0x1eac8\n   __TEXT.__swift5_builtin: 0x438\n   __TEXT.__swift5_mpenum: 0xf8\n\n   __TEXT.__gcc_except_tab: 0xe8\n   __TEXT.__oslogstring: 0x385\n   __TEXT.__dlopen_cstrs: 0xc0\n-  __TEXT.__unwind_info: 0x29060\n+  __TEXT.__unwind_info: 0x29064\n   __TEXT.__eh_frame: 0x55fb4\n   __TEXT.__objc_classname: 0x488\n   __TEXT.__objc_methname: 0x8baf\n\n   - /usr/lib/swift/libswift_StringProcessing.dylib\n   - /usr/lib/swift/libswiftos.dylib\n   - /usr/lib/swift/libswiftsimd.dylib\n-  UUID: FE12B79D-75BB-33EB-8D7B-E2F98E6DBD71\n-  Functions: 71464\n+  UUID: AB6E6AD0-477E-3431-ADF4-332A968AFE3B\n+  Functions: 71505\n   Symbols:   771\n   CStrings:  0\n \n\n```\n",
      "/System/Library/PrivateFrameworks/PencilPairingUI.framework/PencilPairingUI": "```diff\n\n-136.15.0.0.0\n-  __TEXT.__text: 0x1fcf0\n+136.16.0.0.0\n+  __TEXT.__text: 0x1fe98\n   __TEXT.__auth_stubs: 0x6a0\n-  __TEXT.__objc_methlist: 0x2bac\n+  __TEXT.__objc_methlist: 0x2bb4\n   __TEXT.__const: 0x2b8\n   __TEXT.__cstring: 0xe75\n-  __TEXT.__oslogstring: 0x4f3\n-  __TEXT.__gcc_except_tab: 0x1d8\n+  __TEXT.__oslogstring: 0x5c3\n+  __TEXT.__gcc_except_tab: 0x1fc\n   __TEXT.__dlopen_cstrs: 0x56\n-  __TEXT.__unwind_info: 0xad4\n+  __TEXT.__unwind_info: 0xad0\n   __TEXT.__objc_classname: 0x854\n-  __TEXT.__objc_methname: 0x8447\n+  __TEXT.__objc_methname: 0x847f\n   __TEXT.__objc_methtype: 0x1a93\n-  __TEXT.__objc_stubs: 0x6e60\n+  __TEXT.__objc_stubs: 0x6ea0\n   __DATA_CONST.__got: 0x1a0\n   __DATA_CONST.__const: 0x748\n   __DATA_CONST.__objc_classlist: 0x188\n\n   __DATA_CONST.__objc_protolist: 0xe8\n   __DATA_CONST.__objc_imageinfo: 0x8\n   __DATA_CONST.__objc_const: 0x8f80\n-  __DATA_CONST.__objc_selrefs: 0x1fe8\n+  __DATA_CONST.__objc_selrefs: 0x1ff8\n   __DATA_CONST.__objc_classrefs: 0x368\n   __DATA_CONST.__objc_superrefs: 0x108\n-  __DATA_CONST.__objc_arraydata: 0x100\n+  __DATA_CONST.__objc_arraydata: 0x118\n   __AUTH_CONST.__objc_const: 0x13e8\n   __AUTH_CONST.__cfstring: 0x17c0\n   __AUTH_CONST.__const: 0x280\n\n   - /usr/lib/libAccessibility.dylib\n   - /usr/lib/libSystem.B.dylib\n   - /usr/lib/libobjc.A.dylib\n-  UUID: E8E66C3D-0DE4-378F-B2DF-97EC45499080\n-  Functions: 1026\n-  Symbols:   4183\n+  UUID: 9E347DA0-EE08-3585-8D46-CA50AB5D0A23\n+  Functions: 1027\n+  Symbols:   4187\n   CStrings:  0\n \nSymbols:\n+ -[PNPSqueezeThresholdController initializeToDefaultThresholdIfUninitialized]\n+ __unnamed_array_storage.48\n+ __unnamed_array_storage.51\n+ _objc_msgSend$boolForKey:\n+ _objc_msgSend$initializeToDefaultThresholdIfUninitialized\n- __unnamed_array_storage.31\n- __unnamed_array_storage.50\n\n```\n",
      "/System/Library/PrivateFrameworks/PhotoLibraryServices.framework/PhotoLibraryServices": "```diff\n\n-652.0.100.0.0\n-  __TEXT.__text: 0x5b6410\n+652.0.110.0.0\n+  __TEXT.__text: 0x5b63d4\n   __TEXT.__auth_stubs: 0x3f10\n   __TEXT.__objc_methlist: 0x33774\n   __TEXT.__const: 0x5638\n\n   __DATA_CONST.__objc_const: 0x4d080\n   __DATA_CONST.__objc_selrefs: 0x1ef98\n   __DATA_CONST.__objc_protorefs: 0x98\n-  __DATA_CONST.__objc_classrefs: 0x2350\n+  __DATA_CONST.__objc_classrefs: 0x2348\n   __DATA_CONST.__objc_superrefs: 0x1250\n   __DATA_CONST.__objc_arraydata: 0x1468\n   __AUTH_CONST.__const: 0x4bb8\n\n   - /usr/lib/libobjc.A.dylib\n   - /usr/lib/libsqlite3.dylib\n   - /usr/lib/libz.1.dylib\n-  UUID: 5D3E3222-57AA-3B00-A1D6-D2E07FDD30E9\n+  UUID: 5AC4FC90-B74D-38EE-B0AA-130FA7D53355\n   Functions: 22532\n   Symbols:   76884\n   CStrings:  0\nSymbols:\n+ _DataMigrationLibrary.73001\n+ _DataMigrationLibraryCore.frameworkLibrary.73010\n+ _MobileBackupLibraryCore.frameworkLibrary.73062\n+ _NeutrinoCoreLibraryCore.frameworkLibrary.61020\n+ _PSIRowIDCompare.102822\n+ _PSIRowIDCompare.96004\n+ _PhotoImagingLibrary.60850\n+ _PhotoImagingLibraryCore.frameworkLibrary.60860\n+ _PhotoImagingLibraryCore.frameworkLibrary.71938\n+ ___100-[PLModelMigrationAction_LibraryScopeTrashedStateFixup performActionWithManagedObjectContext:error:]_block_invoke.283\n+ ___101-[PLModelMigrationAction_PushAssetsWithPetSyncableFaces performActionWithManagedObjectContext:error:]_block_invoke.228\n+ ___103-[PLModelMigrationAction_PopulatePersonCloudDetectionType performActionWithManagedObjectContext:error:]_block_invoke.295\n+ ___106-[PLModelMigrationAction_MergeDetectedFacesAndDetectedTorsos performActionWithManagedObjectContext:error:]_block_invoke.251\n+ ___109-[PLModelMigrationAction_CopyStickerConfidenceScoreToAssetTable performActionWithManagedObjectContext:error:]_block_invoke.268\n+ ___193-[PLModelMigrationAction_DeletePetPersonsAndDetectedFaces deleteManagedObjectsWithManagedObjectContext:entity:predicate:pendingParentUnitCount:deletedIdentifiers:entityIdentifierKeyPath:error:]_block_invoke.162\n+ ___Block_byref_object_copy_.100169\n+ ___Block_byref_object_copy_.100972\n+ ___Block_byref_object_copy_.102803\n+ ___Block_byref_object_copy_.46556\n+ ___Block_byref_object_copy_.46798\n+ ___Block_byref_object_copy_.47387\n+ ___Block_byref_object_copy_.47971\n+ ___Block_byref_object_copy_.48727\n+ ___Block_byref_object_copy_.49858\n+ ___Block_byref_object_copy_.51787\n+ ___Block_byref_object_copy_.51968\n+ ___Block_byref_object_copy_.52752\n+ ___Block_byref_object_copy_.52954\n+ ___Block_byref_object_copy_.53245\n+ ___Block_byref_object_copy_.53780\n+ ___Block_byref_object_copy_.55770\n+ ___Block_byref_object_copy_.56731\n+ ___Block_byref_object_copy_.57052\n+ ___Block_byref_object_copy_.57460\n+ ___Block_byref_object_copy_.58150\n+ ___Block_byref_object_copy_.59210\n+ ___Block_byref_object_copy_.59652\n+ ___Block_byref_object_copy_.60205\n+ ___Block_byref_object_copy_.62975\n+ ___Block_byref_object_copy_.63366\n+ ___Block_byref_object_copy_.63799\n+ ___Block_byref_object_copy_.64335\n+ ___Block_byref_object_copy_.64687\n+ ___Block_byref_object_copy_.65480\n+ ___Block_byref_object_copy_.65723\n+ ___Block_byref_object_copy_.66664\n+ ___Block_byref_object_copy_.66877\n+ ___Block_byref_object_copy_.67489\n+ ___Block_byref_object_copy_.67662\n+ ___Block_byref_object_copy_.67886\n+ ___Block_byref_object_copy_.68535\n+ ___Block_byref_object_copy_.69672\n+ ___Block_byref_object_copy_.71056\n+ ___Block_byref_object_copy_.71801\n+ ___Block_byref_object_copy_.72604\n+ ___Block_byref_object_copy_.72995\n+ ___Block_byref_object_copy_.73326\n+ ___Block_byref_object_copy_.74868\n+ ___Block_byref_object_copy_.76019\n+ ___Block_byref_object_copy_.76857\n+ ___Block_byref_object_copy_.77589\n+ ___Block_byref_object_copy_.78751\n+ ___Block_byref_object_copy_.79221\n+ ___Block_byref_object_copy_.79401\n+ ___Block_byref_object_copy_.79533\n+ ___Block_byref_object_copy_.81906\n+ ___Block_byref_object_copy_.82456\n+ ___Block_byref_object_copy_.82756\n+ ___Block_byref_object_copy_.82916\n+ ___Block_byref_object_copy_.86433\n+ ___Block_byref_object_copy_.86739\n+ ___Block_byref_object_copy_.87014\n+ ___Block_byref_object_copy_.87526\n+ ___Block_byref_object_copy_.87794\n+ ___Block_byref_object_copy_.88467\n+ ___Block_byref_object_copy_.90307\n+ ___Block_byref_object_copy_.92467\n+ ___Block_byref_object_copy_.93190\n+ ___Block_byref_object_copy_.94203\n+ ___Block_byref_object_copy_.94846\n+ ___Block_byref_object_copy_.95871\n+ ___Block_byref_object_copy_.96379\n+ ___Block_byref_object_copy_.96628\n+ ___Block_byref_object_copy_.97160\n+ ___Block_byref_object_copy_.97231\n+ ___Block_byref_object_copy_.97761\n+ ___Block_byref_object_copy_.98150\n+ ___Block_byref_object_copy_.98351\n+ ___Block_byref_object_copy_.98502\n+ ___Block_byref_object_copy_.98569\n+ ___Block_byref_object_copy_.99561\n+ ___Block_byref_object_dispose_.100170\n+ ___Block_byref_object_dispose_.100973\n+ ___Block_byref_object_dispose_.102804\n+ ___Block_byref_object_dispose_.46557\n+ ___Block_byref_object_dispose_.46799\n+ ___Block_byref_object_dispose_.47388\n+ ___Block_byref_object_dispose_.47972\n+ ___Block_byref_object_dispose_.48728\n+ ___Block_byref_object_dispose_.49859\n+ ___Block_byref_object_dispose_.51788\n+ ___Block_byref_object_dispose_.51969\n+ ___Block_byref_object_dispose_.52753\n+ ___Block_byref_object_dispose_.52955\n+ ___Block_byref_object_dispose_.53246\n+ ___Block_byref_object_dispose_.53781\n+ ___Block_byref_object_dispose_.55771\n+ ___Block_byref_object_dispose_.56732\n+ ___Block_byref_object_dispose_.57053\n+ ___Block_byref_object_dispose_.57461\n+ ___Block_byref_object_dispose_.58151\n+ ___Block_byref_object_dispose_.59211\n+ ___Block_byref_object_dispose_.59653\n+ ___Block_byref_object_dispose_.60206\n+ ___Block_byref_object_dispose_.62976\n+ ___Block_byref_object_dispose_.63367\n+ ___Block_byref_object_dispose_.63800\n+ ___Block_byref_object_dispose_.64336\n+ ___Block_byref_object_dispose_.64688\n+ ___Block_byref_object_dispose_.65481\n+ ___Block_byref_object_dispose_.65724\n+ ___Block_byref_object_dispose_.66665\n+ ___Block_byref_object_dispose_.66878\n+ ___Block_byref_object_dispose_.67490\n+ ___Block_byref_object_dispose_.67663\n+ ___Block_byref_object_dispose_.67887\n+ ___Block_byref_object_dispose_.68536\n+ ___Block_byref_object_dispose_.69673\n+ ___Block_byref_object_dispose_.71057\n+ ___Block_byref_object_dispose_.71802\n+ ___Block_byref_object_dispose_.72605\n+ ___Block_byref_object_dispose_.72996\n+ ___Block_byref_object_dispose_.73327\n+ ___Block_byref_object_dispose_.74869\n+ ___Block_byref_object_dispose_.76020\n+ ___Block_byref_object_dispose_.76858\n+ ___Block_byref_object_dispose_.77590\n+ ___Block_byref_object_dispose_.78752\n+ ___Block_byref_object_dispose_.79222\n+ ___Block_byref_object_dispose_.79402\n+ ___Block_byref_object_dispose_.79534\n+ ___Block_byref_object_dispose_.81907\n+ ___Block_byref_object_dispose_.82457\n+ ___Block_byref_object_dispose_.82757\n+ ___Block_byref_object_dispose_.82917\n+ ___Block_byref_object_dispose_.86434\n+ ___Block_byref_object_dispose_.86740\n+ ___Block_byref_object_dispose_.87015\n+ ___Block_byref_object_dispose_.87527\n+ ___Block_byref_object_dispose_.87795\n+ ___Block_byref_object_dispose_.88468\n+ ___Block_byref_object_dispose_.90308\n+ ___Block_byref_object_dispose_.92468\n+ ___Block_byref_object_dispose_.93191\n+ ___Block_byref_object_dispose_.94204\n+ ___Block_byref_object_dispose_.94847\n+ ___Block_byref_object_dispose_.95872\n+ ___Block_byref_object_dispose_.96380\n+ ___Block_byref_object_dispose_.96629\n+ ___Block_byref_object_dispose_.97161\n+ ___Block_byref_object_dispose_.97232\n+ ___Block_byref_object_dispose_.97762\n+ ___Block_byref_object_dispose_.98151\n+ ___Block_byref_object_dispose_.98352\n+ ___Block_byref_object_dispose_.98503\n+ ___Block_byref_object_dispose_.98570\n+ ___Block_byref_object_dispose_.99562\n+ ___DataMigrationLibraryCore_block_invoke.73011\n+ ___MobileBackupLibraryCore_block_invoke.73063\n+ ___NeutrinoCoreLibraryCore_block_invoke.61021\n+ ___PhotoImagingLibraryCore_block_invoke.60861\n+ ___PhotoImagingLibraryCore_block_invoke.71939\n+ ____PLGetPlaceNamesSortedByCategory_block_invoke.96095\n+ ___block_literal_global.10.97051\n+ ___block_literal_global.100122\n+ ___block_literal_global.100662\n+ ___block_literal_global.100821\n+ ___block_literal_global.101229\n+ ___block_literal_global.101693\n+ ___block_literal_global.102195\n+ ___block_literal_global.102400\n+ ___block_literal_global.104.77701\n+ ___block_literal_global.11.98531\n+ ___block_literal_global.110.99348\n+ ___block_literal_global.112.79223\n+ ___block_literal_global.114.79200\n+ ___block_literal_global.118.60459\n+ ___block_literal_global.118.64996\n+ ___block_literal_global.12.97045\n+ ___block_literal_global.122.53572\n+ ___block_literal_global.122.64998\n+ ___block_literal_global.123.90096\n+ ___block_literal_global.148.47135\n+ ___block_literal_global.158.54656\n+ ___block_literal_global.158.99314\n+ ___block_literal_global.161.99309\n+ ___block_literal_global.162.87033\n+ ___block_literal_global.163.54664\n+ ___block_literal_global.168.54672\n+ ___block_literal_global.178.54686\n+ ___block_literal_global.183.99294\n+ ___block_literal_global.190.90809\n+ ___block_literal_global.23.81242\n+ ___block_literal_global.25.65440\n+ ___block_literal_global.27.82157\n+ ___block_literal_global.3.83796\n+ ___block_literal_global.33.94169\n+ ___block_literal_global.340.63157\n+ ___block_literal_global.36.81155\n+ ___block_literal_global.36.99409\n+ ___block_literal_global.363.96560\n+ ___block_literal_global.37.56375\n+ ___block_literal_global.37.81231\n+ ___block_literal_global.38.54312\n+ ___block_literal_global.39.102393\n+ ___block_literal_global.39.78445\n+ ___block_literal_global.404.63141\n+ ___block_literal_global.46601\n+ ___block_literal_global.47002\n+ ___block_literal_global.47797\n+ ___block_literal_global.49211\n+ ___block_literal_global.49387\n+ ___block_literal_global.49504\n+ ___block_literal_global.49672\n+ ___block_literal_global.51.55854\n+ ___block_literal_global.51685\n+ ___block_literal_global.52636\n+ ___block_literal_global.53056\n+ ___block_literal_global.53714\n+ ___block_literal_global.53887\n+ ___block_literal_global.54050\n+ ___block_literal_global.54328\n+ ___block_literal_global.54648\n+ ___block_literal_global.55018\n+ ___block_literal_global.55152\n+ ___block_literal_global.55851\n+ ___block_literal_global.56115\n+ ___block_literal_global.56373\n+ ___block_literal_global.56733\n+ ___block_literal_global.57030\n+ ___block_literal_global.57213\n+ ___block_literal_global.57278\n+ ___block_literal_global.57900\n+ ___block_literal_global.58111\n+ ___block_literal_global.58601\n+ ___block_literal_global.60467\n+ ___block_literal_global.61581\n+ ___block_literal_global.62.54309\n+ ___block_literal_global.62010\n+ ___block_literal_global.62559\n+ ___block_literal_global.63070\n+ ___block_literal_global.63483\n+ ___block_literal_global.64.49594\n+ ___block_literal_global.64.58112\n+ ___block_literal_global.64088\n+ ___block_literal_global.64147\n+ ___block_literal_global.64167\n+ ___block_literal_global.65029\n+ ___block_literal_global.65441\n+ ___block_literal_global.65986\n+ ___block_literal_global.66182\n+ ___block_literal_global.66904\n+ ___block_literal_global.66977\n+ ___block_literal_global.67111\n+ ___block_literal_global.67469\n+ ___block_literal_global.68662\n+ ___block_literal_global.69.49358\n+ ___block_literal_global.69643\n+ ___block_literal_global.72.65024\n+ ___block_literal_global.72028\n+ ___block_literal_global.72595\n+ ___block_literal_global.73077\n+ ___block_literal_global.73241\n+ ___block_literal_global.73396\n+ ___block_literal_global.74717\n+ ___block_literal_global.74904\n+ ___block_literal_global.75174\n+ ___block_literal_global.75732\n+ ___block_literal_global.76.49361\n+ ___block_literal_global.76396\n+ ___block_literal_global.76554\n+ ___block_literal_global.77292\n+ ___block_literal_global.77568\n+ ___block_literal_global.77780\n+ ___block_literal_global.78484\n+ ___block_literal_global.79.100615\n+ ___block_literal_global.79.74861\n+ ___block_literal_global.79235\n+ ___block_literal_global.79309\n+ ___block_literal_global.79331\n+ ___block_literal_global.80.77276\n+ ___block_literal_global.81.49658\n+ ___block_literal_global.81158\n+ ___block_literal_global.81248\n+ ___block_literal_global.81946\n+ ___block_literal_global.82.98165\n+ ___block_literal_global.82011\n+ ___block_literal_global.82160\n+ ___block_literal_global.82739\n+ ___block_literal_global.83392\n+ ___block_literal_global.83804\n+ ___block_literal_global.83931\n+ ___block_literal_global.84156\n+ ___block_literal_global.85.49364\n+ ___block_literal_global.85791\n+ ___block_literal_global.87047\n+ ___block_literal_global.87510\n+ ___block_literal_global.88.49367\n+ ___block_literal_global.88419\n+ ___block_literal_global.89.53957\n+ ___block_literal_global.89.77767\n+ ___block_literal_global.89453\n+ ___block_literal_global.90098\n+ ___block_literal_global.90210\n+ ___block_literal_global.90811\n+ ___block_literal_global.91.53958\n+ ___block_literal_global.91.77762\n+ ___block_literal_global.91043\n+ ___block_literal_global.91769\n+ ___block_literal_global.92239\n+ ___block_literal_global.92333\n+ ___block_literal_global.92621\n+ ___block_literal_global.93.89454\n+ ___block_literal_global.93750\n+ ___block_literal_global.94065\n+ ___block_literal_global.94168\n+ ___block_literal_global.95447\n+ ___block_literal_global.95789\n+ ___block_literal_global.95853\n+ ___block_literal_global.95996\n+ ___block_literal_global.96155\n+ ___block_literal_global.96831\n+ ___block_literal_global.97.53034\n+ ___block_literal_global.97.89388\n+ ___block_literal_global.97056\n+ ___block_literal_global.98164\n+ ___block_literal_global.98529\n+ ___block_literal_global.99429\n+ ___block_literal_global.99681\n+ ___block_literal_global.99751\n+ ___getDMIsMigrationNeededSymbolLoc_block_invoke.73023\n+ ___getMBManagerClass_block_invoke.73055\n+ ___getPIPhotoEditHelperClass_block_invoke.60913\n+ ___getPIPhotoEditHelperClass_block_invoke.71937\n+ __downloadOriginalsChanged.53908\n+ __unnamed_array_storage.100789\n+ __unnamed_array_storage.101205\n+ __unnamed_array_storage.102438\n+ __unnamed_array_storage.102716\n+ __unnamed_array_storage.150.97812\n+ __unnamed_array_storage.159.102439\n+ __unnamed_array_storage.182\n+ __unnamed_array_storage.222\n+ __unnamed_array_storage.44.99886\n+ __unnamed_array_storage.46524\n+ __unnamed_array_storage.52344\n+ __unnamed_array_storage.52782\n+ __unnamed_array_storage.53302\n+ __unnamed_array_storage.54031\n+ __unnamed_array_storage.54332\n+ __unnamed_array_storage.55913\n+ __unnamed_array_storage.57177\n+ __unnamed_array_storage.60.84422\n+ __unnamed_array_storage.60973\n+ __unnamed_array_storage.61672\n+ __unnamed_array_storage.62.95469\n+ __unnamed_array_storage.63161\n+ __unnamed_array_storage.65.95468\n+ __unnamed_array_storage.65508\n+ __unnamed_array_storage.68508\n+ __unnamed_array_storage.69039\n+ __unnamed_array_storage.69387\n+ __unnamed_array_storage.71023\n+ __unnamed_array_storage.75159\n+ __unnamed_array_storage.81939\n+ __unnamed_array_storage.84449\n+ __unnamed_array_storage.84561\n+ __unnamed_array_storage.85795\n+ __unnamed_array_storage.86147\n+ __unnamed_array_storage.86589\n+ __unnamed_array_storage.87520\n+ __unnamed_array_storage.87806\n+ __unnamed_array_storage.88410\n+ __unnamed_array_storage.89070\n+ __unnamed_array_storage.89373\n+ __unnamed_array_storage.92151\n+ __unnamed_array_storage.95460\n+ __unnamed_array_storage.96892\n+ __unnamed_array_storage.97818\n+ __unnamed_array_storage.99288\n+ __unnamed_array_storage.99666\n+ __unnamed_array_storage.99885\n+ _audit_stringDataMigration.73013\n+ _audit_stringMobileBackup.73071\n+ _audit_stringNeutrinoCore.61024\n+ _audit_stringPhotoImaging.60867\n+ _audit_stringPhotoImaging.71950\n+ _baseSearchIndexPredicate.onceToken.96154\n+ _baseSearchIndexPredicate.predicate.96156\n+ _getDMIsMigrationNeededSymbolLoc.ptr.73022\n+ _getMBManagerClass.softClass.73054\n+ _getPIPhotoEditHelperClass.60911\n+ _getPIPhotoEditHelperClass.71935\n+ _getPIPhotoEditHelperClass.softClass.60912\n+ _getPIPhotoEditHelperClass.softClass.71936\n+ _indexArrayCopyDescription.57907\n+ _isEligibleForSearchIndexingPredicate.onceToken.66181\n+ _isEligibleForSearchIndexingPredicate.onceToken.90209\n+ _isEligibleForSearchIndexingPredicate.predicate.66183\n+ _isEligibleForSearchIndexingPredicate.predicate.90211\n+ _isSyncableChange.didSetupSyncedProperties.87372\n+ _isSyncableChange.syncedProperties.87373\n+ _listOfSyncedProperties.didSetupSyncedProperties.68523\n+ _listOfSyncedProperties.didSetupSyncedProperties.73452\n+ _listOfSyncedProperties.didSetupSyncedProperties.74606\n+ _listOfSyncedProperties.didSetupSyncedProperties.75091\n+ _listOfSyncedProperties.result.68524\n+ _listOfSyncedProperties.result.73453\n+ _listOfSyncedProperties.result.74607\n+ _listOfSyncedProperties.result.75092\n+ _listOfSyncedProperties.result.96231\n+ _modelProperties.modelProperties.50893\n+ _modelProperties.modelProperties.54741\n+ _modelProperties.modelProperties.61257\n+ _modelProperties.modelProperties.68206\n+ _modelProperties.modelProperties.70377\n+ _modelProperties.modelProperties.81450\n+ _modelProperties.modelProperties.83833\n+ _modelProperties.modelProperties.84491\n+ _modelProperties.modelProperties.86601\n+ _modelProperties.modelProperties.87108\n+ _modelProperties.onceToken.50892\n+ _modelProperties.onceToken.54740\n+ _modelProperties.onceToken.61256\n+ _modelProperties.onceToken.68205\n+ _modelProperties.onceToken.70376\n+ _modelProperties.onceToken.81449\n+ _modelProperties.onceToken.83832\n+ _modelProperties.onceToken.84490\n+ _modelProperties.onceToken.86600\n+ _modelProperties.onceToken.87107\n+ _persistedPropertyNamesForEntityNames.onceToken.50890\n+ _persistedPropertyNamesForEntityNames.onceToken.54738\n+ _persistedPropertyNamesForEntityNames.onceToken.61254\n+ _persistedPropertyNamesForEntityNames.onceToken.68203\n+ _persistedPropertyNamesForEntityNames.onceToken.70374\n+ _persistedPropertyNamesForEntityNames.onceToken.81447\n+ _persistedPropertyNamesForEntityNames.onceToken.83830\n+ _persistedPropertyNamesForEntityNames.onceToken.84488\n+ _persistedPropertyNamesForEntityNames.onceToken.86598\n+ _persistedPropertyNamesForEntityNames.onceToken.87105\n+ _persistedPropertyNamesForEntityNames.persistedPropertyNamesForEntityNames.50891\n+ _persistedPropertyNamesForEntityNames.persistedPropertyNamesForEntityNames.54739\n+ _persistedPropertyNamesForEntityNames.persistedPropertyNamesForEntityNames.61255\n+ _persistedPropertyNamesForEntityNames.persistedPropertyNamesForEntityNames.68204\n+ _persistedPropertyNamesForEntityNames.persistedPropertyNamesForEntityNames.70375\n+ _persistedPropertyNamesForEntityNames.persistedPropertyNamesForEntityNames.81448\n+ _persistedPropertyNamesForEntityNames.persistedPropertyNamesForEntityNames.83831\n+ _persistedPropertyNamesForEntityNames.persistedPropertyNamesForEntityNames.84489\n+ _persistedPropertyNamesForEntityNames.persistedPropertyNamesForEntityNames.86599\n+ _persistedPropertyNamesForEntityNames.persistedPropertyNamesForEntityNames.87106\n+ _s_lock.51358\n+ _sharedManager.onceToken.72027\n+ _sharedManager.onceToken.96397\n- _DataMigrationLibrary.72990\n- _DataMigrationLibraryCore.frameworkLibrary.72999\n- _MobileBackupLibraryCore.frameworkLibrary.73051\n- _NeutrinoCoreLibraryCore.frameworkLibrary.61009\n- _PSIRowIDCompare.102812\n- _PSIRowIDCompare.95994\n- _PhotoImagingLibrary.60839\n- _PhotoImagingLibraryCore.frameworkLibrary.60849\n- _PhotoImagingLibraryCore.frameworkLibrary.71927\n- ___100-[PLModelMigrationAction_LibraryScopeTrashedStateFixup performActionWithManagedObjectContext:error:]_block_invoke.284\n- ___101-[PLModelMigrationAction_PushAssetsWithPetSyncableFaces performActionWithManagedObjectContext:error:]_block_invoke.229\n- ___103-[PLModelMigrationAction_PopulatePersonCloudDetectionType performActionWithManagedObjectContext:error:]_block_invoke.296\n- ___106-[PLModelMigrationAction_MergeDetectedFacesAndDetectedTorsos performActionWithManagedObjectContext:error:]_block_invoke.252\n- ___109-[PLModelMigrationAction_CopyStickerConfidenceScoreToAssetTable performActionWithManagedObjectContext:error:]_block_invoke.269\n- ___193-[PLModelMigrationAction_DeletePetPersonsAndDetectedFaces deleteManagedObjectsWithManagedObjectContext:entity:predicate:pendingParentUnitCount:deletedIdentifiers:entityIdentifierKeyPath:error:]_block_invoke.163\n- ___Block_byref_object_copy_.100160\n- ___Block_byref_object_copy_.100963\n- ___Block_byref_object_copy_.102793\n- ___Block_byref_object_copy_.46553\n- ___Block_byref_object_copy_.46788\n- ___Block_byref_object_copy_.47378\n- ___Block_byref_object_copy_.47962\n- ___Block_byref_object_copy_.48717\n- ___Block_byref_object_copy_.49846\n- ___Block_byref_object_copy_.51775\n- ___Block_byref_object_copy_.51956\n- ___Block_byref_object_copy_.52739\n- ___Block_byref_object_copy_.52941\n- ___Block_byref_object_copy_.53232\n- ___Block_byref_object_copy_.53766\n- ___Block_byref_object_copy_.55757\n- ___Block_byref_object_copy_.56718\n- ___Block_byref_object_copy_.57039\n- ___Block_byref_object_copy_.57447\n- ___Block_byref_object_copy_.58137\n- ___Block_byref_object_copy_.59198\n- ___Block_byref_object_copy_.59640\n- ___Block_byref_object_copy_.60194\n- ___Block_byref_object_copy_.62964\n- ___Block_byref_object_copy_.63355\n- ___Block_byref_object_copy_.63788\n- ___Block_byref_object_copy_.64324\n- ___Block_byref_object_copy_.64676\n- ___Block_byref_object_copy_.65469\n- ___Block_byref_object_copy_.65712\n- ___Block_byref_object_copy_.66653\n- ___Block_byref_object_copy_.66866\n- ___Block_byref_object_copy_.67478\n- ___Block_byref_object_copy_.67651\n- ___Block_byref_object_copy_.67875\n- ___Block_byref_object_copy_.68524\n- ___Block_byref_object_copy_.69661\n- ___Block_byref_object_copy_.71045\n- ___Block_byref_object_copy_.71790\n- ___Block_byref_object_copy_.72593\n- ___Block_byref_object_copy_.72984\n- ___Block_byref_object_copy_.73315\n- ___Block_byref_object_copy_.74857\n- ___Block_byref_object_copy_.76008\n- ___Block_byref_object_copy_.76846\n- ___Block_byref_object_copy_.77578\n- ___Block_byref_object_copy_.78740\n- ___Block_byref_object_copy_.79210\n- ___Block_byref_object_copy_.79390\n- ___Block_byref_object_copy_.79522\n- ___Block_byref_object_copy_.81895\n- ___Block_byref_object_copy_.82445\n- ___Block_byref_object_copy_.82745\n- ___Block_byref_object_copy_.82905\n- ___Block_byref_object_copy_.86422\n- ___Block_byref_object_copy_.86728\n- ___Block_byref_object_copy_.87003\n- ___Block_byref_object_copy_.87517\n- ___Block_byref_object_copy_.87785\n- ___Block_byref_object_copy_.88458\n- ___Block_byref_object_copy_.90298\n- ___Block_byref_object_copy_.92458\n- ___Block_byref_object_copy_.93181\n- ___Block_byref_object_copy_.94194\n- ___Block_byref_object_copy_.94837\n- ___Block_byref_object_copy_.95861\n- ___Block_byref_object_copy_.96369\n- ___Block_byref_object_copy_.96618\n- ___Block_byref_object_copy_.97149\n- ___Block_byref_object_copy_.97220\n- ___Block_byref_object_copy_.97750\n- ___Block_byref_object_copy_.98139\n- ___Block_byref_object_copy_.98340\n- ___Block_byref_object_copy_.98491\n- ___Block_byref_object_copy_.98558\n- ___Block_byref_object_copy_.99553\n- ___Block_byref_object_dispose_.100161\n- ___Block_byref_object_dispose_.100964\n- ___Block_byref_object_dispose_.102794\n- ___Block_byref_object_dispose_.46554\n- ___Block_byref_object_dispose_.46789\n- ___Block_byref_object_dispose_.47379\n- ___Block_byref_object_dispose_.47963\n- ___Block_byref_object_dispose_.48718\n- ___Block_byref_object_dispose_.49847\n- ___Block_byref_object_dispose_.51776\n- ___Block_byref_object_dispose_.51957\n- ___Block_byref_object_dispose_.52740\n- ___Block_byref_object_dispose_.52942\n- ___Block_byref_object_dispose_.53233\n- ___Block_byref_object_dispose_.53767\n- ___Block_byref_object_dispose_.55758\n- ___Block_byref_object_dispose_.56719\n- ___Block_byref_object_dispose_.57040\n- ___Block_byref_object_dispose_.57448\n- ___Block_byref_object_dispose_.58138\n- ___Block_byref_object_dispose_.59199\n- ___Block_byref_object_dispose_.59641\n- ___Block_byref_object_dispose_.60195\n- ___Block_byref_object_dispose_.62965\n- ___Block_byref_object_dispose_.63356\n- ___Block_byref_object_dispose_.63789\n- ___Block_byref_object_dispose_.64325\n- ___Block_byref_object_dispose_.64677\n- ___Block_byref_object_dispose_.65470\n- ___Block_byref_object_dispose_.65713\n- ___Block_byref_object_dispose_.66654\n- ___Block_byref_object_dispose_.66867\n- ___Block_byref_object_dispose_.67479\n- ___Block_byref_object_dispose_.67652\n- ___Block_byref_object_dispose_.67876\n- ___Block_byref_object_dispose_.68525\n- ___Block_byref_object_dispose_.69662\n- ___Block_byref_object_dispose_.71046\n- ___Block_byref_object_dispose_.71791\n- ___Block_byref_object_dispose_.72594\n- ___Block_byref_object_dispose_.72985\n- ___Block_byref_object_dispose_.73316\n- ___Block_byref_object_dispose_.74858\n- ___Block_byref_object_dispose_.76009\n- ___Block_byref_object_dispose_.76847\n- ___Block_byref_object_dispose_.77579\n- ___Block_byref_object_dispose_.78741\n- ___Block_byref_object_dispose_.79211\n- ___Block_byref_object_dispose_.79391\n- ___Block_byref_object_dispose_.79523\n- ___Block_byref_object_dispose_.81896\n- ___Block_byref_object_dispose_.82446\n- ___Block_byref_object_dispose_.82746\n- ___Block_byref_object_dispose_.82906\n- ___Block_byref_object_dispose_.86423\n- ___Block_byref_object_dispose_.86729\n- ___Block_byref_object_dispose_.87004\n- ___Block_byref_object_dispose_.87518\n- ___Block_byref_object_dispose_.87786\n- ___Block_byref_object_dispose_.88459\n- ___Block_byref_object_dispose_.90299\n- ___Block_byref_object_dispose_.92459\n- ___Block_byref_object_dispose_.93182\n- ___Block_byref_object_dispose_.94195\n- ___Block_byref_object_dispose_.94838\n- ___Block_byref_object_dispose_.95862\n- ___Block_byref_object_dispose_.96370\n- ___Block_byref_object_dispose_.96619\n- ___Block_byref_object_dispose_.97150\n- ___Block_byref_object_dispose_.97221\n- ___Block_byref_object_dispose_.97751\n- ___Block_byref_object_dispose_.98140\n- ___Block_byref_object_dispose_.98341\n- ___Block_byref_object_dispose_.98492\n- ___Block_byref_object_dispose_.98559\n- ___Block_byref_object_dispose_.99554\n- ___DataMigrationLibraryCore_block_invoke.73000\n- ___MobileBackupLibraryCore_block_invoke.73052\n- ___NeutrinoCoreLibraryCore_block_invoke.61010\n- ___PhotoImagingLibraryCore_block_invoke.60850\n- ___PhotoImagingLibraryCore_block_invoke.71928\n- ____PLGetPlaceNamesSortedByCategory_block_invoke.96085\n- ___block_literal_global.10.97040\n- ___block_literal_global.100113\n- ___block_literal_global.100653\n- ___block_literal_global.100812\n- ___block_literal_global.101220\n- ___block_literal_global.101684\n- ___block_literal_global.102186\n- ___block_literal_global.102391\n- ___block_literal_global.104.77690\n- ___block_literal_global.11.98520\n- ___block_literal_global.110.99340\n- ___block_literal_global.112.79212\n- ___block_literal_global.114.79189\n- ___block_literal_global.118.60448\n- ___block_literal_global.118.64985\n- ___block_literal_global.12.97034\n- ___block_literal_global.122.53559\n- ___block_literal_global.122.64987\n- ___block_literal_global.123.90087\n- ___block_literal_global.148.47126\n- ___block_literal_global.158.54643\n- ___block_literal_global.158.99306\n- ___block_literal_global.161.99301\n- ___block_literal_global.162.87024\n- ___block_literal_global.163.54651\n- ___block_literal_global.168.54659\n- ___block_literal_global.178.54673\n- ___block_literal_global.183.99286\n- ___block_literal_global.190.90800\n- ___block_literal_global.23.81231\n- ___block_literal_global.25.65429\n- ___block_literal_global.27.82146\n- ___block_literal_global.3.83785\n- ___block_literal_global.33.94160\n- ___block_literal_global.340.63146\n- ___block_literal_global.36.81144\n- ___block_literal_global.36.99401\n- ___block_literal_global.363.96550\n- ___block_literal_global.37.56362\n- ___block_literal_global.37.81220\n- ___block_literal_global.38.54299\n- ___block_literal_global.39.102384\n- ___block_literal_global.39.78434\n- ___block_literal_global.404.63130\n- ___block_literal_global.46599\n- ___block_literal_global.46992\n- ___block_literal_global.47788\n- ___block_literal_global.49201\n- ___block_literal_global.49375\n- ___block_literal_global.49492\n- ___block_literal_global.49660\n- ___block_literal_global.51.55841\n- ___block_literal_global.51673\n- ___block_literal_global.52623\n- ___block_literal_global.53043\n- ___block_literal_global.53701\n- ___block_literal_global.53873\n- ___block_literal_global.54036\n- ___block_literal_global.54315\n- ___block_literal_global.54635\n- ___block_literal_global.55005\n- ___block_literal_global.55139\n- ___block_literal_global.55838\n- ___block_literal_global.56102\n- ___block_literal_global.56360\n- ___block_literal_global.56720\n- ___block_literal_global.57017\n- ___block_literal_global.57200\n- ___block_literal_global.57265\n- ___block_literal_global.57887\n- ___block_literal_global.58098\n- ___block_literal_global.58588\n- ___block_literal_global.60456\n- ___block_literal_global.61570\n- ___block_literal_global.61999\n- ___block_literal_global.62.54296\n- ___block_literal_global.62548\n- ___block_literal_global.63059\n- ___block_literal_global.63472\n- ___block_literal_global.64.49582\n- ___block_literal_global.64.58099\n- ___block_literal_global.64077\n- ___block_literal_global.64136\n- ___block_literal_global.64156\n- ___block_literal_global.65018\n- ___block_literal_global.65430\n- ___block_literal_global.65975\n- ___block_literal_global.66171\n- ___block_literal_global.66893\n- ___block_literal_global.66966\n- ___block_literal_global.67100\n- ___block_literal_global.67458\n- ___block_literal_global.68651\n- ___block_literal_global.69.49346\n- ___block_literal_global.69632\n- ___block_literal_global.72.65013\n- ___block_literal_global.72017\n- ___block_literal_global.72584\n- ___block_literal_global.73066\n- ___block_literal_global.73230\n- ___block_literal_global.73385\n- ___block_literal_global.74706\n- ___block_literal_global.74893\n- ___block_literal_global.75163\n- ___block_literal_global.75721\n- ___block_literal_global.76.49349\n- ___block_literal_global.76385\n- ___block_literal_global.76543\n- ___block_literal_global.77281\n- ___block_literal_global.77557\n- ___block_literal_global.77769\n- ___block_literal_global.78473\n- ___block_literal_global.79.100606\n- ___block_literal_global.79.74850\n- ___block_literal_global.79224\n- ___block_literal_global.79298\n- ___block_literal_global.79320\n- ___block_literal_global.80.77265\n- ___block_literal_global.81.49646\n- ___block_literal_global.81147\n- ___block_literal_global.81237\n- ___block_literal_global.81935\n- ___block_literal_global.82.98154\n- ___block_literal_global.82000\n- ___block_literal_global.82149\n- ___block_literal_global.82728\n- ___block_literal_global.83381\n- ___block_literal_global.83793\n- ___block_literal_global.83920\n- ___block_literal_global.84145\n- ___block_literal_global.85.49352\n- ___block_literal_global.85780\n- ___block_literal_global.87038\n- ___block_literal_global.87501\n- ___block_literal_global.88.49355\n- ___block_literal_global.88410\n- ___block_literal_global.89.53943\n- ___block_literal_global.89.77756\n- ___block_literal_global.89444\n- ___block_literal_global.90089\n- ___block_literal_global.90201\n- ___block_literal_global.90802\n- ___block_literal_global.91.53944\n- ___block_literal_global.91.77751\n- ___block_literal_global.91034\n- ___block_literal_global.91760\n- ___block_literal_global.92230\n- ___block_literal_global.92324\n- ___block_literal_global.92612\n- ___block_literal_global.93.89445\n- ___block_literal_global.93741\n- ___block_literal_global.94056\n- ___block_literal_global.94159\n- ___block_literal_global.95437\n- ___block_literal_global.95779\n- ___block_literal_global.95843\n- ___block_literal_global.95986\n- ___block_literal_global.96145\n- ___block_literal_global.96821\n- ___block_literal_global.97.53021\n- ___block_literal_global.97.89379\n- ___block_literal_global.97045\n- ___block_literal_global.98153\n- ___block_literal_global.98518\n- ___block_literal_global.99421\n- ___block_literal_global.99673\n- ___block_literal_global.99743\n- ___getDMIsMigrationNeededSymbolLoc_block_invoke.73012\n- ___getMBManagerClass_block_invoke.73044\n- ___getPIPhotoEditHelperClass_block_invoke.60902\n- ___getPIPhotoEditHelperClass_block_invoke.71926\n- __downloadOriginalsChanged.53894\n- __unnamed_array_storage.100780\n- __unnamed_array_storage.101196\n- __unnamed_array_storage.102428\n- __unnamed_array_storage.102706\n- __unnamed_array_storage.150.97801\n- __unnamed_array_storage.159.102429\n- __unnamed_array_storage.183\n- __unnamed_array_storage.223\n- __unnamed_array_storage.44.99878\n- __unnamed_array_storage.46525\n- __unnamed_array_storage.52332\n- __unnamed_array_storage.52769\n- __unnamed_array_storage.53289\n- __unnamed_array_storage.54017\n- __unnamed_array_storage.54319\n- __unnamed_array_storage.55900\n- __unnamed_array_storage.57164\n- __unnamed_array_storage.60.84411\n- __unnamed_array_storage.60962\n- __unnamed_array_storage.61661\n- __unnamed_array_storage.62.95459\n- __unnamed_array_storage.63150\n- __unnamed_array_storage.65.95458\n- __unnamed_array_storage.65497\n- __unnamed_array_storage.68497\n- __unnamed_array_storage.69028\n- __unnamed_array_storage.69376\n- __unnamed_array_storage.71012\n- __unnamed_array_storage.75148\n- __unnamed_array_storage.81928\n- __unnamed_array_storage.84438\n- __unnamed_array_storage.84550\n- __unnamed_array_storage.85784\n- __unnamed_array_storage.86136\n- __unnamed_array_storage.86578\n- __unnamed_array_storage.87511\n- __unnamed_array_storage.87797\n- __unnamed_array_storage.88401\n- __unnamed_array_storage.89061\n- __unnamed_array_storage.89364\n- __unnamed_array_storage.92142\n- __unnamed_array_storage.95450\n- __unnamed_array_storage.96881\n- __unnamed_array_storage.97807\n- __unnamed_array_storage.99280\n- __unnamed_array_storage.99658\n- __unnamed_array_storage.99877\n- _audit_stringDataMigration.73002\n- _audit_stringMobileBackup.73060\n- _audit_stringNeutrinoCore.61013\n- _audit_stringPhotoImaging.60856\n- _audit_stringPhotoImaging.71939\n- _baseSearchIndexPredicate.onceToken.96144\n- _baseSearchIndexPredicate.predicate.96146\n- _getDMIsMigrationNeededSymbolLoc.ptr.73011\n- _getMBManagerClass.softClass.73043\n- _getPIPhotoEditHelperClass.60900\n- _getPIPhotoEditHelperClass.71924\n- _getPIPhotoEditHelperClass.softClass.60901\n- _getPIPhotoEditHelperClass.softClass.71925\n- _indexArrayCopyDescription.57894\n- _isEligibleForSearchIndexingPredicate.onceToken.66170\n- _isEligibleForSearchIndexingPredicate.onceToken.90200\n- _isEligibleForSearchIndexingPredicate.predicate.66172\n- _isEligibleForSearchIndexingPredicate.predicate.90202\n- _isSyncableChange.didSetupSyncedProperties.87363\n- _isSyncableChange.syncedProperties.87364\n- _listOfSyncedProperties.didSetupSyncedProperties.68512\n- _listOfSyncedProperties.didSetupSyncedProperties.73441\n- _listOfSyncedProperties.didSetupSyncedProperties.74595\n- _listOfSyncedProperties.didSetupSyncedProperties.75080\n- _listOfSyncedProperties.result.68513\n- _listOfSyncedProperties.result.73442\n- _listOfSyncedProperties.result.74596\n- _listOfSyncedProperties.result.75081\n- _listOfSyncedProperties.result.96221\n- _modelProperties.modelProperties.50881\n- _modelProperties.modelProperties.54728\n- _modelProperties.modelProperties.61246\n- _modelProperties.modelProperties.68195\n- _modelProperties.modelProperties.70366\n- _modelProperties.modelProperties.81439\n- _modelProperties.modelProperties.83822\n- _modelProperties.modelProperties.84480\n- _modelProperties.modelProperties.86590\n- _modelProperties.modelProperties.87099\n- _modelProperties.onceToken.50880\n- _modelProperties.onceToken.54727\n- _modelProperties.onceToken.61245\n- _modelProperties.onceToken.68194\n- _modelProperties.onceToken.70365\n- _modelProperties.onceToken.81438\n- _modelProperties.onceToken.83821\n- _modelProperties.onceToken.84479\n- _modelProperties.onceToken.86589\n- _modelProperties.onceToken.87098\n- _persistedPropertyNamesForEntityNames.onceToken.50878\n- _persistedPropertyNamesForEntityNames.onceToken.54725\n- _persistedPropertyNamesForEntityNames.onceToken.61243\n- _persistedPropertyNamesForEntityNames.onceToken.68192\n- _persistedPropertyNamesForEntityNames.onceToken.70363\n- _persistedPropertyNamesForEntityNames.onceToken.81436\n- _persistedPropertyNamesForEntityNames.onceToken.83819\n- _persistedPropertyNamesForEntityNames.onceToken.84477\n- _persistedPropertyNamesForEntityNames.onceToken.86587\n- _persistedPropertyNamesForEntityNames.onceToken.87096\n- _persistedPropertyNamesForEntityNames.persistedPropertyNamesForEntityNames.50879\n- _persistedPropertyNamesForEntityNames.persistedPropertyNamesForEntityNames.54726\n- _persistedPropertyNamesForEntityNames.persistedPropertyNamesForEntityNames.61244\n- _persistedPropertyNamesForEntityNames.persistedPropertyNamesForEntityNames.68193\n- _persistedPropertyNamesForEntityNames.persistedPropertyNamesForEntityNames.70364\n- _persistedPropertyNamesForEntityNames.persistedPropertyNamesForEntityNames.81437\n- _persistedPropertyNamesForEntityNames.persistedPropertyNamesForEntityNames.83820\n- _persistedPropertyNamesForEntityNames.persistedPropertyNamesForEntityNames.84478\n- _persistedPropertyNamesForEntityNames.persistedPropertyNamesForEntityNames.86588\n- _persistedPropertyNamesForEntityNames.persistedPropertyNamesForEntityNames.87097\n- _s_lock.51346\n- _sharedManager.onceToken.72016\n- _sharedManager.onceToken.96387\n\n```\n"
    }
  },
  "machos": {
    "updated": {
      "/System/Library/PrivateFrameworks/IDS.framework/identityservicesd.app/identityservicesd": "```diff\n\n-1814.600.72.0.0\n-  __TEXT.__text: 0x5fff10\n+1814.600.72.2.1\n+  __TEXT.__text: 0x5ffcd8\n   __TEXT.__auth_stubs: 0x4940\n-  __TEXT.__objc_stubs: 0x40260\n-  __TEXT.__objc_methlist: 0x20b54\n+  __TEXT.__objc_stubs: 0x40240\n+  __TEXT.__objc_methlist: 0x20b4c\n   __TEXT.__const: 0x3f860\n-  __TEXT.__gcc_except_tab: 0x1b408\n-  __TEXT.__objc_methname: 0x68c6d\n-  __TEXT.__cstring: 0x52539\n-  __TEXT.__oslogstring: 0x719f6\n+  __TEXT.__gcc_except_tab: 0x1b3ec\n+  __TEXT.__objc_methname: 0x68c45\n+  __TEXT.__cstring: 0x52499\n+  __TEXT.__oslogstring: 0x71955\n   __TEXT.__objc_classname: 0x3c87\n   __TEXT.__objc_methtype: 0xfddd\n   __TEXT.__ustring: 0x52a\n\n   __TEXT.__swift5_proto: 0x10c\n   __TEXT.__swift5_assocty: 0x30\n   __TEXT.__swift5_mpenum: 0x10\n-  __TEXT.__unwind_info: 0xd8c8\n+  __TEXT.__unwind_info: 0xd8b8\n   __TEXT.__eh_frame: 0x1ad0\n   __DATA_CONST.__auth_got: 0x24b0\n   __DATA_CONST.__got: 0x2110\n   __DATA_CONST.__auth_ptr: 0xd8\n   __DATA_CONST.__const: 0x19a08\n-  __DATA_CONST.__cfstring: 0x31d20\n+  __DATA_CONST.__cfstring: 0x31d00\n   __DATA_CONST.__objc_classlist: 0xd18\n   __DATA_CONST.__objc_catlist: 0x58\n   __DATA_CONST.__objc_protolist: 0x5f8\n\n   __DATA_CONST.__objc_doubleobj: 0x10\n   __DATA_CONST.__objc_dictobj: 0x50\n   __DATA.__objc_const: 0x40ec0\n-  __DATA.__objc_selrefs: 0x13038\n+  __DATA.__objc_selrefs: 0x13030\n   __DATA.__objc_ivar: 0x2e5c\n   __DATA.__objc_data: 0x9b18\n   __DATA.__data: 0x6f68\n\n   - /usr/lib/swift/libswift_Concurrency.dylib\n   - /usr/lib/swift/libswiftos.dylib\n   - /usr/lib/swift/libswiftsimd.dylib\n-  UUID: 8F990295-1747-311A-97DC-959B1C8B767F\n-  Functions: 17177\n+  UUID: 14E68C5C-AF30-357A-9B49-E0EC2D6858CB\n+  Functions: 17175\n   Symbols:   2493\n   CStrings:  0\n \n\n```\n"
    }
  }
}