{
  "title": "Diff iPhone13_3 21A340 vs 21A351",
  "kexts": {},
  "ents": "- No differences found\n",
  "dylibs": {},
  "machos": {
    "updated": {
      "/usr/libexec/FinishRestoreFromBackup": "```diff\n\n-1996.2.2.0.0\n-  __TEXT.__text: 0x2e0c\n+1996.2.3.0.0\n+  __TEXT.__text: 0x2e40\n   __TEXT.__auth_stubs: 0x4c0\n   __TEXT.__const: 0x80\n-  __TEXT.__cstring: 0x1684\n+  __TEXT.__cstring: 0x169c\n   __TEXT.__unwind_info: 0xc8\n   __DATA_CONST.__auth_got: 0x260\n   __DATA_CONST.__got: 0x48\n\n   - /System/Library/Frameworks/CoreFoundation.framework/CoreFoundation\n   - /System/Library/Frameworks/IOKit.framework/Versions/A/IOKit\n   - /usr/lib/libSystem.B.dylib\n-  UUID: 897A44D4-1526-357F-B290-5B2A36844CC8\n+  UUID: 416838E0-A11D-3AAA-BCA2-FD73D3161F73\n   Functions: 41\n   Symbols:   90\n   CStrings:  0\n\n```\n"
    }
  }
}