{
  "title": "Diff iPhone13_3 22G90 vs 22G100",
  "kexts": {},
  "ents": "- No differences found\n",
  "dylibs": {
    "updated": {
      "/System/Library/CoreServices/RawCamera.bundle/RawCamera": "```diff\n\n-1738.140.3.0.0\n-  __TEXT.__text: 0x1e2d70\n-  __TEXT.__auth_stubs: 0x1850\n+1738.140.3.0.11\n+  __TEXT.__text: 0x1e3470\n+  __TEXT.__auth_stubs: 0x1870\n   __TEXT.__objc_methlist: 0x16e4\n   __TEXT.__const: 0x15326\n-  __TEXT.__gcc_except_tab: 0x2d440\n+  __TEXT.__gcc_except_tab: 0x2d588\n   __TEXT.__oslogstring: 0xec0\n   __TEXT.__cstring: 0xee23\n   __TEXT.__dof_RawCamera: 0x8f7\n-  __TEXT.__unwind_info: 0xb1d0\n+  __TEXT.__unwind_info: 0xb1e8\n   __TEXT.__eh_frame: 0x278\n   __TEXT.__objc_classname: 0x4b9\n   __TEXT.__objc_methname: 0x3918\n   __TEXT.__objc_methtype: 0xdd3\n   __TEXT.__objc_stubs: 0x2da0\n-  __DATA_CONST.__got: 0x9b0\n+  __DATA_CONST.__got: 0x9c8\n   __DATA_CONST.__const: 0x2a18\n   __DATA_CONST.__objc_classlist: 0x1e0\n   __DATA_CONST.__objc_catlist: 0x20\n   __DATA_CONST.__objc_imageinfo: 0x8\n   __DATA_CONST.__objc_selrefs: 0xcf8\n   __DATA_CONST.__objc_superrefs: 0xf0\n-  __DATA_CONST.__objc_arraydata: 0x3948\n-  __AUTH_CONST.__auth_got: 0xc40\n+  __DATA_CONST.__objc_arraydata: 0x3950\n+  __AUTH_CONST.__auth_got: 0xc50\n   __AUTH_CONST.__auth_ptr: 0xc0\n   __AUTH_CONST.__const: 0x35978\n   __AUTH_CONST.__cfstring: 0x18080\n   __AUTH_CONST.__objc_const: 0x48b0\n-  __AUTH_CONST.__objc_arrayobj: 0x570\n-  __AUTH_CONST.__objc_intobj: 0x39f0\n+  __AUTH_CONST.__objc_arrayobj: 0x588\n+  __AUTH_CONST.__objc_intobj: 0x3a20\n   __AUTH_CONST.__objc_doubleobj: 0x480\n   __AUTH_CONST.__objc_dictobj: 0x4d58\n   __AUTH_CONST.__objc_floatobj: 0xc0\n\n   - /System/Library/Frameworks/UniformTypeIdentifiers.framework/UniformTypeIdentifiers\n   - /System/Library/PrivateFrameworks/AppleJPEG.framework/AppleJPEG\n   - /System/Library/PrivateFrameworks/AppleJPEGXL.framework/AppleJPEGXL\n+  - /System/Library/PrivateFrameworks/CMPhoto.framework/CMPhoto\n   - /System/Library/PrivateFrameworks/CoreAnalytics.framework/CoreAnalytics\n   - /System/Library/PrivateFrameworks/MobileAsset.framework/MobileAsset\n   - /usr/lib/libSystem.B.dylib\n\n   - /usr/lib/libobjc.A.dylib\n   - /usr/lib/libxml2.2.dylib\n   - /usr/lib/libz.1.dylib\n-  UUID: 1BE38EB6-51C0-3069-A50F-CA3B000E0847\n-  Functions: 6433\n-  Symbols:   781\n+  UUID: AF5B7B35-3549-329B-B706-F877FA8DF849\n+  Functions: 6435\n+  Symbols:   786\n   CStrings:  0\n \nSymbols:\n+ _CMPhotoDecompressionContainerCreateImageForIndex\n+ _CMPhotoDecompressionContainerGetImageCount\n+ _CMPhotoDecompressionSessionCreate\n+ _CMPhotoDecompressionSessionCreateContainer\n+ _CVPixelBufferGetDataSize\n+ _kCMPhotoContainerFormatString_JFIF\n+ _kCMPhotoDecompressionContainerOption_AllowedFormatsAndCodecs\n+ _kCMPhotoDecompressionOption_OutputPixelFormat\n- _CGImageGetBytesPerRow\n- _CGImageGetHeight\n- _CGImageGetWidth\n\n```\n"
    }
  },
  "machos": {}
}