{
  "title": "Diff Mac14_12 23E214 vs 23E224",
  "kexts": {
    "updated": {
      "com.apple.driver.usb.AppleSynopsysUSB40XHCI": "```diff\n\n-615.100.5.0.0\n-  __TEXT.__cstring: 0x2af9\n-  __TEXT.__os_log: 0x6d7e\n+615.101.1.0.0\n+  __TEXT.__cstring: 0x2aca\n+  __TEXT.__os_log: 0x6d3a\n   __TEXT.__const: 0x8\n-  __TEXT_EXEC.__text: 0x4cba0\n+  __TEXT_EXEC.__text: 0x4c5d0\n   __TEXT_EXEC.__auth_stubs: 0x0\n   __DATA.__data: 0xc8\n   __DATA.__common: 0x1a0\n   __DATA.__bss: 0x18\n-  __DATA_CONST.__auth_got: 0x190\n+  __DATA_CONST.__auth_got: 0x188\n   __DATA_CONST.__got: 0xc8\n   __DATA_CONST.__mod_init_func: 0x50\n   __DATA_CONST.__mod_term_func: 0x50\n-  __DATA_CONST.__const: 0x5e50\n+  __DATA_CONST.__const: 0x5e30\n   __DATA_CONST.__kalloc_type: 0x280\n-  UUID: C4C0DEB5-A988-3A8B-A95B-C860C98CEF7C\n-  Functions: 186\n-  Symbols:   1383\n+  UUID: 0CDE770C-8EAC-313F-80D9-9925BFA837D7\n+  Functions: 184\n+  Symbols:   1377\n   CStrings:  0\n \nSymbols:\n- __ZN15AppleUSBXHCIARM12resetUSB2PhyEv\n- __ZN17AppleT8112USBXHCI12resetUSB2PhyEv\n- __ZN17AppleT8122USBXHCI12resetUSB2PhyEv\n- __ZN26AppleUSB20XHCIARMTypeCPort16withDeviceMemoryEP14IODeviceMemoryPN15StandardUSBXHCI33StandardUSBXHCIProtocolCapabilityEP15IORegistryEntryj\n- __ZZN17AppleT8112USBXHCI12resetUSB2PhyEvE11_os_log_fmt\n- __ZZN17AppleT8122USBXHCI12resetUSB2PhyEvE11_os_log_fmt\n\n```\n",
      "com.apple.driver.usb.AppleSynopsysUSBXHCI": "```diff\n\n-615.100.5.0.0\n-  __TEXT.__cstring: 0x3c3b\n-  __TEXT.__os_log: 0x2e8a\n+615.101.1.0.0\n+  __TEXT.__cstring: 0x3bd1\n+  __TEXT.__os_log: 0x2e57\n   __TEXT.__const: 0x20\n-  __TEXT_EXEC.__text: 0x2ae8c\n+  __TEXT_EXEC.__text: 0x2a3d8\n   __TEXT_EXEC.__auth_stubs: 0x0\n   __DATA.__data: 0xc8\n-  __DATA.__common: 0x290\n+  __DATA.__common: 0x268\n   __DATA.__bss: 0x8\n   __DATA_CONST.__auth_got: 0x298\n   __DATA_CONST.__got: 0x108\n-  __DATA_CONST.__mod_init_func: 0x80\n-  __DATA_CONST.__mod_term_func: 0x80\n-  __DATA_CONST.__const: 0xa2f8\n-  __DATA_CONST.__kalloc_type: 0x480\n-  UUID: 9673E446-511A-3A19-96DB-D4D481064E3E\n-  Functions: 287\n-  Symbols:   1490\n+  __DATA_CONST.__mod_init_func: 0x78\n+  __DATA_CONST.__mod_term_func: 0x78\n+  __DATA_CONST.__const: 0x9698\n+  __DATA_CONST.__kalloc_type: 0x440\n+  UUID: 17486619-48D0-313D-A714-39AEF2BDB550\n+  Functions: 273\n+  Symbols:   1457\n   CStrings:  0\n \nSymbols:\n+ __ZZN15AppleUSBXHCIARM17systemPowerChangeEPvjP9IOServiceS0_mE20kalloc_type_view_694\n+ __ZZN15AppleUSBXHCIARM27systemPowerChangeThreadCallEPNS_24tSystemPowerNotifyParamsEE20kalloc_type_view_768\n+ __block_descriptor_tmp.37\n+ __block_descriptor_tmp.43\n- _GLOBAL__sub_I_AppleUSB20XHCIARMTypeCPort.cpp\n- __ZL30AppleUSB20XHCIARMTypeCPort_ktv\n- __ZN15AppleUSBXHCIARM12resetUSB2PhyEv\n- __ZN17AppleT8130USBXHCI12resetUSB2PhyEv\n- __ZN23AppleUSB20XHCITypeCPort11getPortTypeEv\n- __ZN23AppleUSB20XHCITypeCPort5startEP9IOService\n- __ZN26AppleUSB20XHCIARMTypeCPort10gMetaClassE\n- __ZN26AppleUSB20XHCIARMTypeCPort10superClassE\n- __ZN26AppleUSB20XHCIARMTypeCPort16withDeviceMemoryEP14IODeviceMemoryPN15StandardUSBXHCI33StandardUSBXHCIProtocolCapabilityEP15IORegistryEntryj\n- __ZN26AppleUSB20XHCIARMTypeCPort16withDeviceMemoryEP14IODeviceMemoryPN15StandardUSBXHCI33StandardUSBXHCIProtocolCapabilityEjj\n- __ZN26AppleUSB20XHCIARMTypeCPort7powerOnEv\n- __ZN26AppleUSB20XHCIARMTypeCPort9MetaClassC1Ev\n- __ZN26AppleUSB20XHCIARMTypeCPort9MetaClassC2Ev\n- __ZN26AppleUSB20XHCIARMTypeCPort9MetaClassD0Ev\n- __ZN26AppleUSB20XHCIARMTypeCPort9MetaClassD1Ev\n- __ZN26AppleUSB20XHCIARMTypeCPort9metaClassE\n- __ZN26AppleUSB20XHCIARMTypeCPortC1EPK11OSMetaClass\n- __ZN26AppleUSB20XHCIARMTypeCPortC1Ev\n- __ZN26AppleUSB20XHCIARMTypeCPortC2EPK11OSMetaClass\n- __ZN26AppleUSB20XHCIARMTypeCPortC2Ev\n- __ZN26AppleUSB20XHCIARMTypeCPortD0Ev\n- __ZN26AppleUSB20XHCIARMTypeCPortD1Ev\n- __ZN26AppleUSB20XHCIARMTypeCPortD2Ev\n- __ZN26AppleUSB20XHCIARMTypeCPortdlEPvm\n- __ZN26AppleUSB20XHCIARMTypeCPortnwEm\n- __ZNK26AppleUSB20XHCIARMTypeCPort12getMetaClassEv\n- __ZNK26AppleUSB20XHCIARMTypeCPort9MetaClass5allocEv\n- __ZTV26AppleUSB20XHCIARMTypeCPort\n- __ZTVN26AppleUSB20XHCIARMTypeCPort9MetaClassE\n- __ZZN15AppleUSBXHCIARM12resetUSB2PhyEvE11_os_log_fmt\n- __ZZN15AppleUSBXHCIARM17systemPowerChangeEPvjP9IOServiceS0_mE20kalloc_type_view_699\n- __ZZN15AppleUSBXHCIARM27systemPowerChangeThreadCallEPNS_24tSystemPowerNotifyParamsEE20kalloc_type_view_773\n- __ZZN17AppleT8130USBXHCI12resetUSB2PhyEvE11_os_log_fmt\n- __block_descriptor_tmp.38\n- __block_descriptor_tmp.44\n\n```\n",
      "com.apple.filesystems.apfs": "```diff\n\n 2236.101.1.0.0\n   __TEXT.__const: 0x7b0\n-  __TEXT.__cstring: 0x53055\n+  __TEXT.__cstring: 0x5304c\n   __TEXT_EXEC.__text: 0x164acc\n   __TEXT_EXEC.__auth_stubs: 0x0\n   __DATA.__data: 0xd38\n\n   __DATA_CONST.__const: 0x8f48\n   __DATA_CONST.__kalloc_type: 0x6080\n   __DATA_CONST.__kalloc_var: 0x30c0\n-  UUID: 6510A98B-70D7-3B7E-BF65-5965CF196234\n+  UUID: EF9F094A-B72A-3A91-A019-121CD3306C25\n   Functions: 2177\n   Symbols:   4542\n   CStrings:  0\n\n```\n",
      "com.apple.kernel": "```diff\n\n-10063.101.15.0.0\n+10063.101.17.0.0\n   __TEXT.__const: 0x36300\n   __TEXT.__copyio_vectors: 0x120\n   __TEXT.__cstring: 0x95772\n\n   __DATA_CONST.__kalloc_var: 0x7fd0\n   __DATA_CONST.__brk_desc: 0x60\n   __TEXT_EXEC.__hib_text: 0x3b7c\n-  __TEXT_EXEC.__text: 0x882ccc\n+  __TEXT_EXEC.__text: 0x882c4c\n   __TEXT_EXEC.__commpage_text: 0x2dc\n   __KLD.__text: 0x4ffc\n   __PPLTEXT.__text: 0x298a0\n\n   __PLK_LINKEDIT.__data: 0x0\n   __LINKINFO.__symbolsets: 0x4c516\n   __CTF.__ctf: 0x0\n-  UUID: 0B311D66-733B-357C-A5B1-E4BF5E58DCA8\n-  Functions: 21607\n+  UUID: 81DAE146-7A58-3A72-839B-E0840E1CC03A\n+  Functions: 21606\n   Symbols:   6597\n   CStrings:  0\n \n\n```\n"
    }
  },
  "ents": "- No differences found\n",
  "dylibs": {
    "updated": {
      "/System/Library/Frameworks/WebKit.framework/Versions/A/Frameworks/WebCore.framework/Versions/A/WebCore": "```diff\n\n-618.1.15.11.12\n-  __TEXT.__text: 0x2a09f60\n+618.1.15.11.14\n+  __TEXT.__text: 0x2a09f50\n   __TEXT.__auth_stubs: 0xc870\n   __TEXT.__objc_methlist: 0x32f4\n   __TEXT.__const: 0x19bfe0\n\n   - /usr/lib/libxml2.2.dylib\n   - /usr/lib/libxslt.1.dylib\n   - /usr/lib/libz.1.dylib\n-  UUID: 390C9A84-C76B-3992-887E-8D82499F6C22\n+  UUID: 202892FE-99BE-30F4-AEDA-6422AA53CFFD\n   Functions: 114831\n   Symbols:   150151\n   CStrings:  0\n\n```\n",
      "/System/Library/PrivateFrameworks/FileProviderDaemon.framework/Versions/A/FileProviderDaemon": "```diff\n\n-1835.101.2.0.0\n-  __TEXT.__text: 0x9b49b0\n+1835.101.3.0.0\n+  __TEXT.__text: 0x9b55f8\n   __TEXT.__auth_stubs: 0x55a0\n   __TEXT.__objc_methlist: 0x62b8\n   __TEXT.__cstring: 0x4178e\n\n   __TEXT.__swift5_mpenum: 0xdc\n   __TEXT.__swift5_protos: 0x68\n   __TEXT.__swift5_assocty: 0x1990\n-  __TEXT.__unwind_info: 0x13f80\n+  __TEXT.__unwind_info: 0x13f78\n   __TEXT.__eh_frame: 0x20920\n   __TEXT.__objc_classname: 0xb1a\n   __TEXT.__objc_methname: 0x17905\n\n   - /usr/lib/swift/libswift_Concurrency.dylib\n   - /usr/lib/swift/libswiftos.dylib\n   - /usr/lib/swift/libswiftsimd.dylib\n-  UUID: 7549E0A4-5A1D-3BE0-A2B7-668F70BD4204\n+  UUID: 5C4E1D88-57FB-313C-9713-C1DF91B8F1A4\n   Functions: 32198\n   Symbols:   16341\n   CStrings:  0\n\n```\n",
      "/System/Library/PrivateFrameworks/FinderKit.framework/Versions/A/FinderKit": "```diff\n\n-1630.4.14.0.0\n-  __TEXT.__text: 0x4799b8\n+1630.4.15.0.0\n+  __TEXT.__text: 0x47a250\n   __TEXT.__auth_stubs: 0x3ef0\n   __TEXT.__init_offsets: 0xec\n   __TEXT.__objc_methlist: 0x1b76c\n   __TEXT.__const: 0x34314\n   __TEXT.__gcc_except_tab: 0x68e64\n-  __TEXT.__cstring: 0xfef3\n+  __TEXT.__cstring: 0x10053\n   __TEXT.__oslogstring: 0x1a\n   __TEXT.__ustring: 0x1e\n   __TEXT.__swift5_typeref: 0x99c\n\n   __TEXT.__swift5_assocty: 0x48\n   __TEXT.__swift5_proto: 0x20\n   __TEXT.__swift5_types: 0x1c\n-  __TEXT.__unwind_info: 0x27080\n+  __TEXT.__unwind_info: 0x27084\n   __TEXT.__eh_frame: 0x1068\n   __TEXT.__objc_classname: 0x4162\n   __TEXT.__objc_methname: 0x3bc8b\n   __TEXT.__objc_methtype: 0x270c0\n   __TEXT.__objc_stubs: 0x2d460\n-  __DATA_CONST.__got: 0x12b8\n+  __DATA_CONST.__got: 0x12c8\n   __DATA_CONST.__const: 0x19c0\n   __DATA_CONST.__objc_classlist: 0xe88\n   __DATA_CONST.__objc_catlist: 0x10\n\n   - /usr/lib/swift/libswift_Concurrency.dylib\n   - /usr/lib/swift/libswiftos.dylib\n   - /usr/lib/swift/libswiftsimd.dylib\n-  UUID: B37BA0F0-B9E7-3965-AF06-A3ADE940DE1F\n-  Functions: 27657\n+  UUID: 976C972A-F77D-314C-B788-70D95DADE89C\n+  Functions: 27658\n   Symbols:   57812\n   CStrings:  0\n \n\n```\n",
      "/System/iOSSupport/System/Library/PrivateFrameworks/Home.framework/Versions/A/Home": "```diff\n\n-873.5.8.4.5\n-  __TEXT.__text: 0x2e1b10\n+873.5.8.4.6\n+  __TEXT.__text: 0x2e1c4c\n   __TEXT.__auth_stubs: 0x2090\n   __TEXT.__objc_methlist: 0x25c9c\n   __TEXT.__const: 0x2110\n\n   __TEXT.__swift5_fieldmd: 0x520\n   __TEXT.__swift5_proto: 0x130\n   __TEXT.__swift5_types: 0x80\n-  __TEXT.__cstring: 0x30fc7\n+  __TEXT.__cstring: 0x3107f\n   __TEXT.__swift5_protos: 0x2c\n   __TEXT.__swift5_capture: 0x35c\n-  __TEXT.__oslogstring: 0x16aad\n-  __TEXT.__gcc_except_tab: 0x3b74\n+  __TEXT.__oslogstring: 0x16b0e\n+  __TEXT.__gcc_except_tab: 0x3b84\n   __TEXT.__ustring: 0x88\n   __TEXT.__unwind_info: 0xbdc4\n   __TEXT.__eh_frame: 0x21d0\n\n   - /usr/lib/swift/libswift_Concurrency.dylib\n   - /usr/lib/swift/libswiftos.dylib\n   - /usr/lib/swift/libswiftsimd.dylib\n-  UUID: 95887DB8-739E-3AF3-A6F4-EA4451FAC168\n+  UUID: A0A243B5-681B-351E-9A28-F3D6FEDB5152\n   Functions: 17918\n   Symbols:   37297\n   CStrings:  0\nSymbols:\n+ __108-[HFCameraPlaybackEngineEventCache _generateViewModelWithUpdatedIdentifiers:replacedIdentifiers:completion:]_block_invoke.15\n- ___108-[HFCameraPlaybackEngineEventCache _generateViewModelWithUpdatedIdentifiers:replacedIdentifiers:completion:]_block_invoke_3\n\n```\n",
      "/System/iOSSupport/System/Library/PrivateFrameworks/HomeUI.framework/Versions/A/HomeUI": "```diff\n\n-873.5.8.4.5\n-  __TEXT.__text: 0x4db694\n+873.5.8.4.6\n+  __TEXT.__text: 0x4db710\n   __TEXT.__auth_stubs: 0x45e0\n   __TEXT.__objc_methlist: 0x3ece4\n   __TEXT.__const: 0x65b0\n\n   __TEXT.__swift5_types: 0x304\n   __TEXT.__swift5_capture: 0x1628\n   __TEXT.__swift5_mpenum: 0x28\n-  __TEXT.__gcc_except_tab: 0x5bc0\n-  __TEXT.__oslogstring: 0x13786\n+  __TEXT.__gcc_except_tab: 0x5bd8\n+  __TEXT.__oslogstring: 0x137b0\n   __TEXT.__ustring: 0x7e\n   __TEXT.__dlopen_cstrs: 0xda\n-  __TEXT.__unwind_info: 0x129a4\n+  __TEXT.__unwind_info: 0x129a8\n   __TEXT.__eh_frame: 0x48d0\n   __TEXT.__objc_classname: 0xb4d4\n   __TEXT.__objc_methname: 0x9963c\n\n   - /usr/lib/swift/libswift_Concurrency.dylib\n   - /usr/lib/swift/libswiftos.dylib\n   - /usr/lib/swift/libswiftsimd.dylib\n-  UUID: F866546B-575B-3DF2-98BE-550454F69915\n+  UUID: C5066516-C32F-3CF9-8189-5ADE51A2A172\n   Functions: 30556\n   Symbols:   53864\n   CStrings:  0\n\n```\n"
    }
  },
  "machos": {
    "updated": {
      "/System/Library/Audio/Plug-Ins/HAL/BTAudioHALPlugin.driver/Contents/MacOS/BTAudioHALPlugin": "```diff\n\n-174.16.1.0.2\n-  __TEXT.__text: 0x75058\n+174.16.1.0.3\n+  __TEXT.__text: 0x751d8\n   __TEXT.__auth_stubs: 0x1040\n   __TEXT.__objc_stubs: 0x10a0\n   __TEXT.__init_offsets: 0xac\n   __TEXT.__objc_methlist: 0x5b4\n   __TEXT.__const: 0x172c\n-  __TEXT.__gcc_except_tab: 0x1b78\n-  __TEXT.__cstring: 0x3e7f\n-  __TEXT.__oslogstring: 0x11909\n+  __TEXT.__gcc_except_tab: 0x1b68\n+  __TEXT.__cstring: 0x3e51\n+  __TEXT.__oslogstring: 0x1189a\n   __TEXT.__objc_classname: 0xee\n   __TEXT.__objc_methname: 0x178c\n   __TEXT.__objc_methtype: 0x6f1\n-  __TEXT.__unwind_info: 0x1b04\n+  __TEXT.__unwind_info: 0x1b08\n   __TEXT.__eh_frame: 0x1f0\n   __DATA_CONST.__auth_got: 0x830\n   __DATA_CONST.__got: 0x130\n\n   - /usr/lib/libSystem.B.dylib\n   - /usr/lib/libc++.1.dylib\n   - /usr/lib/libobjc.A.dylib\n-  UUID: B69BEE79-79EC-3AD9-B536-BF6302AD1E23\n-  Functions: 2648\n+  UUID: 5ED660BB-1186-3126-998C-ADDD2236185E\n+  Functions: 2647\n   Symbols:   389\n   CStrings:  0\n \n\n```\n",
      "/System/Library/CoreServices/Finder.app/Contents/MacOS/Finder": "```diff\n\n-1630.4.14.0.0\n-  __TEXT.__text: 0x76aef4\n+1630.4.15.0.0\n+  __TEXT.__text: 0x76b78c\n   __TEXT.__auth_stubs: 0x5c50\n   __TEXT.__objc_stubs: 0x40e20\n   __TEXT.__init_offsets: 0x664\n\n   __TEXT.__objc_methname: 0x55abf\n   __TEXT.__objc_classname: 0x6855\n   __TEXT.__objc_methtype: 0x37911\n-  __TEXT.__cstring: 0x14ce3\n+  __TEXT.__cstring: 0x14e43\n   __TEXT.__oslogstring: 0x4d\n   __TEXT.__ustring: 0x14\n   __TEXT.__swift5_typeref: 0xafc\n\n   __TEXT.__swift5_proto: 0x4c\n   __TEXT.__swift5_types: 0x3c\n   __TEXT.__swift5_protos: 0x4\n-  __TEXT.__unwind_info: 0x40734\n+  __TEXT.__unwind_info: 0x40738\n   __TEXT.__eh_frame: 0x2060\n   __DATA_CONST.__auth_got: 0x2e40\n-  __DATA_CONST.__got: 0x1b18\n+  __DATA_CONST.__got: 0x1b28\n   __DATA_CONST.__auth_ptr: 0x20\n   __DATA_CONST.__const: 0x700c0\n   __DATA_CONST.__cfstring: 0x1b440\n\n   - /usr/lib/swift/libswift_Concurrency.dylib\n   - /usr/lib/swift/libswiftos.dylib\n   - /usr/lib/swift/libswiftsimd.dylib\n-  UUID: 153B1C6A-BFF4-3709-B39A-728183058FDC\n-  Functions: 45489\n-  Symbols:   2905\n+  UUID: 372C911E-6F8A-3C45-93D1-93644094E9B0\n+  Functions: 45490\n+  Symbols:   2906\n   CStrings:  0\n \nSymbols:\n+ _$s7Sharing16SFAirDropReceiveO8TransferV5StateOs23CustomStringConvertibleAAMc\n\n```\n",
      "/System/Library/Kernels/kernel": "```diff\n\n-10063.101.15.0.0\n-  __TEXT.__text: 0x829660\n+10063.101.17.0.0\n+  __TEXT.__text: 0x829620\n   __TEXT.__const: 0x4210c\n   __TEXT.__cstring: 0x93a09\n   __TEXT.__os_log: 0x274bb\n\n   __PRELINK_TEXT.__text: 0x0\n   __PRELINK_INFO.__info: 0x0\n   __LINKINFO.__symbolsets: 0x4ac3a\n-  __CTF.__ctf: 0x93302\n-  UUID: A66D3683-FBC7-3319-A37F-12C83D53946F\n-  Functions: 25567\n-  Symbols:   22799\n+  __CTF.__ctf: 0x93319\n+  UUID: F1663C03-D822-3B5E-9D84-B324A759EC85\n+  Functions: 25566\n+  Symbols:   22798\n   CStrings:  0\n \nSymbols:\n- _exit_with_jit_exception\n\n```\n",
      "/System/Library/Kernels/kernel.release.t6000": "```diff\n\n-10063.101.15.0.0\n+10063.101.17.0.0\n   __TEXT.__const: 0x362f0\n   __TEXT.__copyio_vectors: 0x120\n   __TEXT.__cstring: 0x97a0f\n\n   __DATA_CONST.__kalloc_var: 0x7fd0\n   __DATA_CONST.__brk_desc: 0x60\n   __TEXT_EXEC.__hib_text: 0x3be0\n-  __TEXT_EXEC.__text: 0x8842b0\n+  __TEXT_EXEC.__text: 0x884230\n   __TEXT_EXEC.__commpage_text: 0x2dc\n   __KLD.__text: 0x4ffc\n   __PPLTEXT.__text: 0x2f138\n\n   __PLK_LLVM_COV.__llvm_covmap: 0x0\n   __PLK_LINKEDIT.__data: 0x0\n   __LINKINFO.__symbolsets: 0x4c516\n-  __CTF.__ctf: 0x8d71f\n-  UUID: FF85748F-8743-36DA-9559-6332F0650C53\n-  Functions: 21657\n+  __CTF.__ctf: 0x8863b\n+  UUID: 52F71D8C-FEDF-3A4B-9B6B-8463C5251B20\n+  Functions: 21656\n   Symbols:   6597\n   CStrings:  0\n \n\n```\n",
      "/System/Library/Kernels/kernel.release.t6020": "```diff\n\n-10063.101.15.0.0\n+10063.101.17.0.0\n   __TEXT.__const: 0x36320\n   __TEXT.__copyio_vectors: 0x120\n   __TEXT.__cstring: 0x9906e\n\n   __DATA_CONST.__kalloc_var: 0x81b0\n   __DATA_CONST.__brk_desc: 0x60\n   __TEXT_EXEC.__hib_text: 0x3bd4\n-  __TEXT_EXEC.__text: 0x866920\n+  __TEXT_EXEC.__text: 0x866894\n   __TEXT_EXEC.__commpage_text: 0x2dc\n   __KLD.__text: 0x4ef0\n   __PPLTEXT.__text: 0x2ed40\n\n   __PLK_LLVM_COV.__llvm_covmap: 0x0\n   __PLK_LINKEDIT.__data: 0x0\n   __LINKINFO.__symbolsets: 0x4c516\n-  __CTF.__ctf: 0x8f818\n-  UUID: 73331F2C-AFEB-366F-A122-D853032D4D53\n-  Functions: 21700\n+  __CTF.__ctf: 0x90320\n+  UUID: D3BBDD1F-7813-3F26-9F94-41BAABDA6E33\n+  Functions: 21698\n   Symbols:   6597\n   CStrings:  0\n \n\n```\n",
      "/System/Library/Kernels/kernel.release.t6030": "```diff\n\n-10063.101.15.0.0\n+10063.101.17.0.0\n   __TEXT.__const: 0x362e0\n   __TEXT.__copyio_vectors: 0x120\n   __TEXT.__cstring: 0x97e7a\n\n   __DATA_CONST.__kalloc_var: 0x7fd0\n   __DATA_CONST.__brk_desc: 0x60\n   __TEXT_EXEC.__hib_text: 0x3b70\n-  __TEXT_EXEC.__text: 0x863498\n+  __TEXT_EXEC.__text: 0x86340c\n   __TEXT_EXEC.__commpage_text: 0x2dc\n   __KLD.__text: 0x4ef0\n   __PPLTEXT.__text: 0x2b14c\n\n   __PLK_LLVM_COV.__llvm_covmap: 0x0\n   __PLK_LINKEDIT.__data: 0x0\n   __LINKINFO.__symbolsets: 0x4c516\n-  __CTF.__ctf: 0x900ef\n-  UUID: 9E8D0C59-A9BB-35AE-BECF-BE332A8C6866\n-  Functions: 21639\n+  __CTF.__ctf: 0x8f47d\n+  UUID: EF7F0CF9-963D-340E-BDAA-25DB2ED40F02\n+  Functions: 21637\n   Symbols:   6597\n   CStrings:  0\n \n\n```\n",
      "/System/Library/Kernels/kernel.release.t6031": "```diff\n\n-10063.101.15.0.0\n+10063.101.17.0.0\n   __TEXT.__const: 0x36320\n   __TEXT.__copyio_vectors: 0x120\n   __TEXT.__cstring: 0x99a1d\n\n   __DATA_CONST.__kalloc_var: 0x81b0\n   __DATA_CONST.__brk_desc: 0x60\n   __TEXT_EXEC.__hib_text: 0x3c14\n-  __TEXT_EXEC.__text: 0x867d14\n+  __TEXT_EXEC.__text: 0x867c88\n   __TEXT_EXEC.__commpage_text: 0x2dc\n   __KLD.__text: 0x4ef0\n   __PPLTEXT.__text: 0x2ef0c\n\n   __PLK_LLVM_COV.__llvm_covmap: 0x0\n   __PLK_LINKEDIT.__data: 0x0\n   __LINKINFO.__symbolsets: 0x4c516\n-  __CTF.__ctf: 0x8cb83\n-  UUID: BBD02463-037F-3320-87C8-54222745500D\n-  Functions: 21709\n+  __CTF.__ctf: 0x8e5e0\n+  UUID: 74ED9084-3B3E-329B-B432-DA47EEDA407E\n+  Functions: 21707\n   Symbols:   6597\n   CStrings:  0\n \n\n```\n",
      "/System/Library/Kernels/kernel.release.t8103": "```diff\n\n-10063.101.15.0.0\n+10063.101.17.0.0\n   __TEXT.__const: 0x36300\n   __TEXT.__copyio_vectors: 0x120\n   __TEXT.__cstring: 0x95772\n\n   __DATA_CONST.__kalloc_var: 0x7fd0\n   __DATA_CONST.__brk_desc: 0x60\n   __TEXT_EXEC.__hib_text: 0x3b7c\n-  __TEXT_EXEC.__text: 0x882ccc\n+  __TEXT_EXEC.__text: 0x882c4c\n   __TEXT_EXEC.__commpage_text: 0x2dc\n   __KLD.__text: 0x4ffc\n   __PPLTEXT.__text: 0x298a0\n\n   __PLK_LLVM_COV.__llvm_covmap: 0x0\n   __PLK_LINKEDIT.__data: 0x0\n   __LINKINFO.__symbolsets: 0x4c516\n-  __CTF.__ctf: 0x8c341\n-  UUID: 0B311D66-733B-357C-A5B1-E4BF5E58DCA8\n-  Functions: 21607\n+  __CTF.__ctf: 0x8d190\n+  UUID: 81DAE146-7A58-3A72-839B-E0840E1CC03A\n+  Functions: 21606\n   Symbols:   6597\n   CStrings:  0\n \n\n```\n",
      "/System/Library/Kernels/kernel.release.t8112": "```diff\n\n-10063.101.15.0.0\n+10063.101.17.0.0\n   __TEXT.__const: 0x362e0\n   __TEXT.__copyio_vectors: 0x120\n   __TEXT.__cstring: 0x967fe\n\n   __DATA_CONST.__kalloc_var: 0x7fd0\n   __DATA_CONST.__brk_desc: 0x60\n   __TEXT_EXEC.__hib_text: 0x3b50\n-  __TEXT_EXEC.__text: 0x861090\n+  __TEXT_EXEC.__text: 0x861004\n   __TEXT_EXEC.__commpage_text: 0x2dc\n   __KLD.__text: 0x4ef0\n   __PPLTEXT.__text: 0x2af1c\n\n   __PLK_LLVM_COV.__llvm_covmap: 0x0\n   __PLK_LINKEDIT.__data: 0x0\n   __LINKINFO.__symbolsets: 0x4c516\n-  __CTF.__ctf: 0x8dfd7\n-  UUID: 374E25EF-9EB2-3B92-8C2F-4FDA14861263\n-  Functions: 21618\n+  __CTF.__ctf: 0x8c82a\n+  UUID: 5371B5F2-2776-3A8C-A53E-1C1E188B935E\n+  Functions: 21616\n   Symbols:   6597\n   CStrings:  0\n \n\n```\n",
      "/System/Library/Kernels/kernel.release.t8122": "```diff\n\n-10063.101.15.0.0\n+10063.101.17.0.0\n   __TEXT.__const: 0x362e0\n   __TEXT.__copyio_vectors: 0x120\n   __TEXT.__cstring: 0x97e7a\n\n   __DATA_CONST.__kalloc_var: 0x7fd0\n   __DATA_CONST.__brk_desc: 0x60\n   __TEXT_EXEC.__hib_text: 0x3b50\n-  __TEXT_EXEC.__text: 0x863454\n+  __TEXT_EXEC.__text: 0x8633c8\n   __TEXT_EXEC.__commpage_text: 0x2dc\n   __KLD.__text: 0x4ef0\n   __PPLTEXT.__text: 0x2b13c\n\n   __PLK_LLVM_COV.__llvm_covmap: 0x0\n   __PLK_LINKEDIT.__data: 0x0\n   __LINKINFO.__symbolsets: 0x4c516\n-  __CTF.__ctf: 0x901b6\n-  UUID: 652337B2-A284-3DE2-B658-8D0816DFC75C\n-  Functions: 21639\n+  __CTF.__ctf: 0x8f4df\n+  UUID: 759772F7-96FC-3A97-A10A-565E29301EB6\n+  Functions: 21637\n   Symbols:   6597\n   CStrings:  0\n \n\n```\n",
      "/System/Library/Kernels/kernel.release.vmapple": "```diff\n\n-10063.101.15.0.0\n+10063.101.17.0.0\n   __TEXT.__const: 0x359b0\n   __TEXT.__copyio_vectors: 0x120\n   __TEXT.__cstring: 0x89d23\n\n   __DATA_CONST.__kalloc_var: 0x8070\n   __DATA_CONST.__brk_desc: 0x60\n   __TEXT_EXEC.__hib_text: 0xd28\n-  __TEXT_EXEC.__text: 0x85b9e4\n+  __TEXT_EXEC.__text: 0x85ba40\n   __TEXT_EXEC.__commpage_text: 0x2dc\n   __KLD.__text: 0x4ffc\n   __LASTDATA_CONST.__mod_init_func: 0x8\n\n   __PLK_LLVM_COV.__llvm_covmap: 0x0\n   __PLK_LINKEDIT.__data: 0x0\n   __LINKINFO.__symbolsets: 0x4c069\n-  __CTF.__ctf: 0x8d694\n-  UUID: C017C49C-2680-3405-8A88-0FBD9ABC7B61\n+  __CTF.__ctf: 0x87a3e\n+  UUID: 5C37BF44-7065-37CD-A46C-197CBE3C5C0D\n   Functions: 20744\n   Symbols:   6575\n   CStrings:  0\n\n```\n",
      "/System/Library/Video/Plug-Ins/AV1DecoderSW.bundle/Contents/MacOS/AV1DecoderSW": "```diff\n\n-54.5.0.0.0\n-  __TEXT.__text: 0x917ec\n+80.1.0.0.0\n+  __TEXT.__text: 0x917e4\n   __TEXT.__auth_stubs: 0x900\n   __TEXT.__objc_stubs: 0x6a0\n   __TEXT.__objc_methlist: 0xc8\n\n   - /usr/lib/libSystem.B.dylib\n   - /usr/lib/libc++.1.dylib\n   - /usr/lib/libobjc.A.dylib\n-  UUID: 07013661-0B2C-3BC9-97FC-64BAAEE11414\n+  UUID: 89BD3765-4BE9-3368-8D7A-4698AD82806B\n   Functions: 1748\n   Symbols:   216\n   CStrings:  0\n\n```\n",
      "/System/Library/Video/Plug-Ins/AppleVideoDecoder.bundle/Contents/MacOS/AppleVideoDecoder": "```diff\n\n   __TEXT.__auth_stubs: 0xdd0\n   __TEXT.__const: 0x520\n   __TEXT.__oslogstring: 0x8465\n-  __TEXT.__cstring: 0x2ab4\n+  __TEXT.__cstring: 0x2aab\n   __TEXT.__gcc_except_tab: 0xf0\n   __TEXT.__unwind_info: 0x58c\n   __TEXT.__eh_frame: 0x60\n\n   - /usr/lib/libSystem.B.dylib\n   - /usr/lib/libc++.1.dylib\n   - /usr/lib/libobjc.A.dylib\n-  UUID: B80E2AA7-7BED-3B35-B24D-19BA21DF2148\n+  UUID: 1CB2FAF9-BBB6-3BED-A802-05B299517BB3\n   Functions: 418\n   Symbols:   323\n   CStrings:  0\n\n```\n",
      "/usr/libexec/searchpartyd": "```diff\n\n-358.16.3.1.0\n-  __TEXT.__text: 0xe1f470\n-  __TEXT.__auth_stubs: 0x5ca0\n+358.16.3.2.0\n+  __TEXT.__text: 0xe1f60c\n+  __TEXT.__auth_stubs: 0x5cc0\n   __TEXT.__objc_stubs: 0x40\n   __TEXT.__objc_methlist: 0x1320\n   __TEXT.__oslogstring: 0xeb\n   __TEXT.__objc_classname: 0x465\n   __TEXT.__objc_methname: 0xc2de\n   __TEXT.__objc_methtype: 0x3e31\n-  __TEXT.__cstring: 0x58e0d\n+  __TEXT.__cstring: 0x58e4d\n   __TEXT.__swift5_typeref: 0x1932a\n   __TEXT.__const: 0x4240c\n   __TEXT.__constg_swiftt: 0x16b58\n\n   __TEXT.__swift5_entry: 0x8\n   __TEXT.__unwind_info: 0x288dc\n   __TEXT.__eh_frame: 0x5efd4\n-  __DATA_CONST.__auth_got: 0x2e58\n-  __DATA_CONST.__got: 0x1c70\n+  __DATA_CONST.__auth_got: 0x2e68\n+  __DATA_CONST.__got: 0x1c78\n   __DATA_CONST.__auth_ptr: 0xb98\n   __DATA_CONST.__const: 0x5bc98\n   __DATA_CONST.__objc_classlist: 0x5f8\n\n   __DATA.__objc_const: 0x180f0\n   __DATA.__objc_selrefs: 0x1f90\n   __DATA.__objc_data: 0x32b8\n-  __DATA.__data: 0x31e20\n+  __DATA.__data: 0x31e30\n   __DATA.__bss: 0x78dd0\n   __DATA.__common: 0x1bc0\n   - /System/Library/Frameworks/Accounts.framework/Versions/A/Accounts\n\n   - /usr/lib/swift/libswift_Concurrency.dylib\n   - /usr/lib/swift/libswiftos.dylib\n   - /usr/lib/swift/libswiftsimd.dylib\n-  UUID: 6927C833-3DD0-3346-B36D-17802DAC2C00\n+  UUID: 869B7FFF-9E21-32BE-A9E9-72C443358099\n   Functions: 55820\n-  Symbols:   2799\n+  Symbols:   2802\n   CStrings:  0\n \nSymbols:\n+ _$s11SwiftSQLite11ExpressiblePAAE5asSQLSSyF\n+ _$s11SwiftSQLite14ExpressionTypePAAE7literalxSS_tcfC\n+ _$s11SwiftSQLite5TableVAA11ExpressibleAAWP\n\n```\n",
      "/usr/libexec/searchpartyuseragent": "```diff\n\n-358.16.3.1.0\n-  __TEXT.__text: 0xd866a4\n-  __TEXT.__auth_stubs: 0x5b50\n+358.16.3.2.0\n+  __TEXT.__text: 0xd86840\n+  __TEXT.__auth_stubs: 0x5b70\n   __TEXT.__objc_stubs: 0x40\n   __TEXT.__objc_methlist: 0xf70\n   __TEXT.__objc_classname: 0x415\n\n   __TEXT.__objc_methtype: 0x3ca5\n   __TEXT.__oslogstring: 0xeb\n   __TEXT.__const: 0x40d2c\n-  __TEXT.__cstring: 0x56b51\n+  __TEXT.__cstring: 0x56b91\n   __TEXT.__swift5_typeref: 0x18eee\n   __TEXT.__constg_swiftt: 0x158f0\n   __TEXT.__swift5_reflstr: 0x15d04\n\n   __TEXT.__swift5_mpenum: 0x388\n   __TEXT.__swift5_protos: 0x228\n   __TEXT.__swift5_entry: 0x8\n-  __TEXT.__unwind_info: 0x27120\n+  __TEXT.__unwind_info: 0x2712c\n   __TEXT.__eh_frame: 0x579e8\n-  __DATA_CONST.__auth_got: 0x2db0\n-  __DATA_CONST.__got: 0x1c10\n+  __DATA_CONST.__auth_got: 0x2dc0\n+  __DATA_CONST.__got: 0x1c18\n   __DATA_CONST.__auth_ptr: 0xaf8\n   __DATA_CONST.__const: 0x59890\n   __DATA_CONST.__objc_classlist: 0x558\n\n   - /usr/lib/swift/libswift_Concurrency.dylib\n   - /usr/lib/swift/libswiftos.dylib\n   - /usr/lib/swift/libswiftsimd.dylib\n-  UUID: 70DE7B5E-BF21-3CF9-B3C7-0CAA03433C52\n+  UUID: 6A61EA85-0ED1-3883-BBF0-C899A5A5E98D\n   Functions: 53985\n-  Symbols:   2760\n+  Symbols:   2763\n   CStrings:  0\n \nSymbols:\n+ _$s11SwiftSQLite11ExpressiblePAAE5asSQLSSyF\n+ _$s11SwiftSQLite14ExpressionTypePAAE7literalxSS_tcfC\n+ _$s11SwiftSQLite5TableVAA11ExpressibleAAWP\n\n```\n"
    }
  }
}