{
  "title": "Diff iPhone13_3 21B91 vs 21B101",
  "kexts": {},
  "ents": "- No differences found\n",
  "dylibs": {
    "updated": {
      "/System/Library/Frameworks/JavaScriptCore.framework/JavaScriptCore": "```diff\n\n-616.2.9.10.11\n-  __TEXT.__text: 0x15bf060\n+616.2.9.10.13\n+  __TEXT.__text: 0x15bf3c4\n   __TEXT.__auth_stubs: 0x2bb0\n   __TEXT.__objc_methlist: 0x950\n   __TEXT.__const: 0x7d138\n-  __TEXT.__cstring: 0xb6731\n+  __TEXT.__cstring: 0xb679c\n   __TEXT.__gcc_except_tab: 0x1d14\n   __TEXT.__oslogstring: 0x41e\n   __TEXT.__unwind_info: 0x1e64\n\n   - /usr/lib/libc++.1.dylib\n   - /usr/lib/libicucore.A.dylib\n   - /usr/lib/libobjc.A.dylib\n-  UUID: BD852578-7AE0-3C5B-8E92-B064FA187B11\n-  Functions: 36013\n-  Symbols:   71919\n+  UUID: 5F28E810-EBE3-3F68-8D8E-D2CA99852506\n+  Functions: 36011\n+  Symbols:   71915\n   CStrings:  0\n \nSymbols:\n- __ZN3JSC9Structure12setMaxOffsetERNS_2VMEi\n- __ZN3WTF6VectorIN3JSC7JSValueELm0ENS_15CrashOnOverflowELm16ENS_10FastMallocEEC1Em\n\n```\n"
    }
  },
  "machos": {}
}