{
  "title": "Diff iPhone13_3 21C62 vs 21C66",
  "kexts": {},
  "ents": "- No differences found\n",
  "dylibs": {},
  "machos": {
    "updated": {
      "/Applications/InCallService.app/InCallService": "```diff\n\n-2869.300.81.2.3\n-  __TEXT.__text: 0x170a28\n+2869.300.81.2.4\n+  __TEXT.__text: 0x170a44\n   __TEXT.__auth_stubs: 0x3c60\n   __TEXT.__objc_stubs: 0x26080\n   __TEXT.__objc_methlist: 0x10c54\n\n   - /usr/lib/swift/libswift_Concurrency.dylib\n   - /usr/lib/swift/libswiftos.dylib\n   - /usr/lib/swift/libswiftsimd.dylib\n-  UUID: 2B0A8E97-2499-39EA-B2CA-03170B67F632\n+  UUID: 67EE0F2D-DE81-3F62-BC35-4E0F881F8D13\n   Functions: 9604\n   Symbols:   2062\n   CStrings:  0\n\n```\n",
      "/System/Library/Frameworks/CoreSpotlight.framework/spotlightknowledged": "```diff\n\n-2274.8.2.0.0\n-  __TEXT.__text: 0x755d4\n+2274.8.3.0.0\n+  __TEXT.__text: 0x7535c\n   __TEXT.__auth_stubs: 0x1350\n-  __TEXT.__objc_stubs: 0x7020\n-  __TEXT.__objc_methlist: 0x3f84\n+  __TEXT.__objc_stubs: 0x7000\n+  __TEXT.__objc_methlist: 0x3f7c\n   __TEXT.__const: 0x3f8\n-  __TEXT.__oslogstring: 0x1b32\n-  __TEXT.__gcc_except_tab: 0x616c\n-  __TEXT.__cstring: 0x3455\n-  __TEXT.__objc_methname: 0x784a\n-  __TEXT.__objc_classname: 0x737\n+  __TEXT.__oslogstring: 0x1b1e\n+  __TEXT.__gcc_except_tab: 0x6188\n+  __TEXT.__cstring: 0x3428\n+  __TEXT.__objc_methname: 0x7816\n+  __TEXT.__objc_classname: 0x734\n   __TEXT.__objc_methtype: 0xab1\n   __TEXT.__dlopen_cstrs: 0x11c\n-  __TEXT.__unwind_info: 0x2710\n+  __TEXT.__unwind_info: 0x2700\n   __TEXT.__eh_frame: 0x74\n   __DATA_CONST.__auth_got: 0x9c0\n   __DATA_CONST.__got: 0x1e0\n   __DATA_CONST.__auth_ptr: 0x28\n-  __DATA_CONST.__const: 0x25e8\n+  __DATA_CONST.__const: 0x25b8\n   __DATA_CONST.__cfstring: 0x3da0\n   __DATA_CONST.__objc_classlist: 0x3f8\n   __DATA_CONST.__objc_catlist: 0x8\n\n   __DATA_CONST.__objc_dictobj: 0x168\n   __DATA_CONST.__objc_doubleobj: 0x30\n   __DATA_CONST.__objc_arrayobj: 0x210\n-  __DATA.__objc_const: 0x6770\n-  __DATA.__objc_selrefs: 0x1f88\n+  __DATA.__objc_const: 0x6738\n+  __DATA.__objc_selrefs: 0x1f80\n   __DATA.__objc_classrefs: 0x490\n   __DATA.__objc_superrefs: 0x260\n-  __DATA.__objc_ivar: 0x2a4\n+  __DATA.__objc_ivar: 0x2a0\n   __DATA.__objc_data: 0x27b0\n   __DATA.__data: 0x2d8\n   __DATA.__bss: 0x278\n\n   - /usr/lib/libSystem.B.dylib\n   - /usr/lib/libc++.1.dylib\n   - /usr/lib/libobjc.A.dylib\n-  UUID: 6D6EE0E5-63E9-3114-A379-1424568A2721\n-  Functions: 2113\n+  UUID: 573004F4-88F4-375F-9E22-6B4D21D09B66\n+  Functions: 2106\n   Symbols:   440\n   CStrings:  0\n \n\n```\n"
    }
  }
}