{
  "title": "Diff Mac14_12 24D70 vs 24D81",
  "kexts": {},
  "ents": "- No differences found\n",
  "dylibs": {
    "updated": {
      "/System/Library/Frameworks/WebKit.framework/Versions/A/Frameworks/WebCore.framework/Versions/A/WebCore": "```diff\n\n-620.2.4.11.5\n-  __TEXT.__text: 0x2c7d170\n+620.2.4.11.6\n+  __TEXT.__text: 0x2c7d1b0\n   __TEXT.__auth_stubs: 0xd420\n   __TEXT.__objc_methlist: 0x335c\n   __TEXT.__gcc_except_tab: 0x234dc\n\n   - /usr/lib/swift/libswiftos.dylib\n   - /usr/lib/swift/libswiftsys_time.dylib\n   - /usr/lib/swift/libswiftunistd.dylib\n-  UUID: 779349E7-8CC3-35B0-B4C3-5AFB17AB17BF\n+  UUID: BA471091-54D6-3B9E-BADC-56D810CA0EC0\n   Functions: 119980\n   Symbols:   156643\n   CStrings:  0\n\n```\n",
      "/System/Library/PrivateFrameworks/DeviceIdentity.framework/Versions/A/DeviceIdentity": "```diff\n\n-1015.60.1.0.0\n+1015.81.2.0.0\n   __TEXT.__text: 0x1f218\n   __TEXT.__auth_stubs: 0x800\n   __TEXT.__objc_methlist: 0x1f4\n\n   __DATA_CONST.__objc_selrefs: 0x498\n   __DATA_CONST.__objc_protorefs: 0x8\n   __DATA_CONST.__objc_superrefs: 0x8\n-  __DATA_CONST.__objc_arraydata: 0x448\n+  __DATA_CONST.__objc_arraydata: 0x450\n   __AUTH_CONST.__auth_got: 0x410\n   __AUTH_CONST.__auth_ptr: 0x18\n   __AUTH_CONST.__const: 0x330\n\n   - /usr/lib/libSystem.B.dylib\n   - /usr/lib/libbootpolicy.dylib\n   - /usr/lib/libobjc.A.dylib\n-  UUID: 3619FC6B-7E81-342F-9026-0D559DD28303\n+  UUID: DFC413EF-7CE8-34B6-B115-947BA33FEA89\n   Functions: 281\n   Symbols:   1010\n   CStrings:  0\n\n```\n",
      "/System/Library/PrivateFrameworks/SafariSwift.framework/Versions/A/SafariSwift": "```diff\n\n-7620.2.4.11.5\n+7620.2.4.11.6\n   __TEXT.__text: 0x3c184\n   __TEXT.__auth_stubs: 0x1620\n   __TEXT.__objc_methlist: 0x2b8\n\n   __DATA_CONST.__objc_protorefs: 0x70\n   __DATA_CONST.__objc_superrefs: 0x18\n   __AUTH_CONST.__auth_got: 0xb18\n-  __AUTH_CONST.__auth_ptr: 0x978\n+  __AUTH_CONST.__auth_ptr: 0x968\n   __AUTH_CONST.__const: 0x10d8\n   __AUTH_CONST.__objc_const: 0x11a8\n   __AUTH.__objc_data: 0x380\n\n   - /usr/lib/swift/libswiftsimd.dylib\n   - /usr/lib/swift/libswiftsys_time.dylib\n   - /usr/lib/swift/libswiftunistd.dylib\n-  UUID: E21F9762-6D44-360B-8C4E-C0FDAE9ABD0D\n+  UUID: 6FBB913A-3699-38CC-8BC7-70D9FA342A26\n   Functions: 1480\n   Symbols:   1049\n   CStrings:  0\n\n```\n",
      "/System/iOSSupport/System/Library/PrivateFrameworks/WebCore.framework/Versions/A/WebCore": "```diff\n\n-620.2.4.11.5\n-  __TEXT.__text: 0x29b9bcc\n+620.2.4.11.6\n+  __TEXT.__text: 0x29b9c1c\n   __TEXT.__auth_stubs: 0xc120\n   __TEXT.__objc_methlist: 0x43a0\n   __TEXT.__gcc_except_tab: 0x17794\n\n   - /usr/lib/swift/libswiftos.dylib\n   - /usr/lib/swift/libswiftsys_time.dylib\n   - /usr/lib/swift/libswiftunistd.dylib\n-  UUID: 54FFF954-B838-3001-9113-701336E7AD8A\n+  UUID: 83515F0B-9523-3556-A86C-8AD2C1B8FDCA\n   Functions: 99386\n   Symbols:   129995\n   CStrings:  0\n\n```\n"
    }
  },
  "machos": {
    "new": [
      "/System/Library/Frameworks/WebKit.framework/Versions/A/XPCServices/com.apple.WebKit.Networking.xpc/Contents/MacOS/com.apple.WebKit.Networking",
      "/System/Library/Frameworks/AuthenticationServices.framework/Versions/A/XPCServices/com.apple.AuthenticationServices.Helper.xpc/Contents/MacOS/com.apple.AuthenticationServices.Helper",
      "/System/Library/Frameworks/WebKit.framework/Versions/A/XPCServices/com.apple.WebKit.WebContent.CaptivePortal.xpc/Contents/MacOS/com.apple.WebKit.WebContent.CaptivePortal",
      "/System/Library/Frameworks/OpenCL.framework/Versions/A/Libraries/3425AMD/libcl2module.dylib",
      "/System/Library/Frameworks/SafariServices.framework/Versions/A/XPCServices/com.apple.SafariServices.xpc/Contents/MacOS/com.apple.SafariServices",
      "/System/Library/PrivateFrameworks/SafariShared.framework/Versions/A/XPCServices/com.apple.Safari.CredentialExtractionHelper.xpc/Contents/MacOS/com.apple.Safari.CredentialExtractionHelper",
      "/System/Library/PrivateFrameworks/ApplePDPHelper.framework/Versions/A/ApplePDPHelper",
      "/System/Library/PrivateFrameworks/SafariShared.framework/Versions/A/XPCServices/com.apple.Safari.SearchHelper.xpc/Contents/MacOS/com.apple.Safari.SearchHelper",
      "/System/Library/Frameworks/WebKit.framework/Versions/A/XPCServices/com.apple.WebKit.WebContent.xpc/Contents/MacOS/com.apple.WebKit.WebContent",
      "/System/Library/Frameworks/WebKit.framework/Versions/A/XPCServices/com.apple.WebKit.WebContent.Development.xpc/Contents/MacOS/com.apple.WebKit.WebContent.Development",
      "/System/Library/PrivateFrameworks/SafariPlatformSupport.framework/Versions/A/XPCServices/com.apple.SafariPlatformSupport.Helper.xpc/Contents/MacOS/com.apple.SafariPlatformSupport.Helper",
      "/System/Library/Frameworks/OpenGL.framework/Versions/A/Libraries/3425AMD/libLLVMContainer.dylib",
      "/System/Library/Frameworks/WebKit.framework/Versions/A/XPCServices/com.apple.WebKit.GPU.xpc/Contents/MacOS/com.apple.WebKit.GPU",
      "/System/Library/Frameworks/JavaScriptCore.framework/Versions/A/Helpers/jsc",
      "/System/Library/Frameworks/SafariServices.framework/Versions/A/XPCServices/com.apple.SafariServices.ExtensionHelper.xpc/Contents/MacOS/com.apple.SafariServices.ExtensionHelper",
      "/System/Library/Extensions/AppleIntelKBLGraphicsMTLDriver.bundle/Contents/MacOS/AppleIntelKBLGraphicsMTLDriver",
      "/System/Library/PrivateFrameworks/SafariFoundation.framework/Versions/A/XPCServices/CredentialProviderExtensionHelper.xpc/Contents/MacOS/CredentialProviderExtensionHelper",
      "/System/Library/PrivateFrameworks/WebDriver.framework/Versions/A/XPCServices/com.apple.WebDriver.HTTPService.xpc/Contents/MacOS/com.apple.WebDriver.HTTPService",
      "/System/Library/PrivateFrameworks/HelloWorldMacHelper.framework/Versions/A/HelloWorldMacHelper",
      "/System/Library/PrivateFrameworks/SafariFoundation.framework/Versions/A/XPCServices/SafariConfigurationSubscriber.xpc/Contents/MacOS/SafariConfigurationSubscriber",
      "/System/Library/PrivateFrameworks/PlugInKitDaemon.framework/Versions/A/PlugInKitDaemon"
    ],
    "removed": [
      "/System/iOSSupport/System/Library/Frameworks/WebKit.framework/Versions/A/XPCServices/com.apple.WebKit.WebContent.xpc/Contents/MacOS/com.apple.WebKit.WebContent",
      "/System/iOSSupport/System/Library/Frameworks/WebKit.framework/Versions/A/XPCServices/com.apple.WebKit.WebContent.CaptivePortal.xpc/Contents/MacOS/com.apple.WebKit.WebContent.CaptivePortal",
      "/System/Library/Extensions/AMDMTLBronzeDriver.bundle/Contents/MacOS/AMDMTLBronzeDriver",
      "/System/iOSSupport/System/Library/Frameworks/WebKit.framework/Versions/A/XPCServices/com.apple.WebKit.Networking.xpc/Contents/MacOS/com.apple.WebKit.Networking",
      "/System/iOSSupport/System/Library/PrivateFrameworks/CommunicationsUICore.framework/Versions/A/CommunicationsUICore",
      "/System/iOSSupport/System/Library/Frameworks/JavaScriptCore.framework/Versions/A/Helpers/jsc",
      "/System/iOSSupport/System/Library/Frameworks/WebKit.framework/Versions/A/XPCServices/com.apple.WebKit.WebContent.Development.xpc/Contents/MacOS/com.apple.WebKit.WebContent.Development",
      "/System/iOSSupport/System/Library/PrivateFrameworks/UserNotificationsExtensionPoint.framework/Versions/A/UserNotificationsExtensionPoint",
      "/System/iOSSupport/System/Library/Frameworks/WebKit.framework/Versions/A/XPCServices/com.apple.WebKit.GPU.xpc/Contents/MacOS/com.apple.WebKit.GPU",
      "/System/iOSSupport/System/Library/Frameworks/SafariServices.framework/PlugIns/SafariServices.wkbundle/Contents/MacOS/SafariServices"
    ],
    "updated": {
      "/System/Applications/Safari.app/Contents/Extensions/SafariWidgetExtension.appex/Contents/MacOS/SafariWidgetExtension": "```diff\n\n-7620.2.4.11.5\n+7620.2.4.11.6\n   __TEXT.__text: 0x1679c\n   __TEXT.__auth_stubs: 0xd10\n   __TEXT.__cstring: 0x4f5\n\n   __TEXT.__eh_frame: 0xe8\n   __DATA_CONST.__auth_got: 0x688\n   __DATA_CONST.__got: 0x2b8\n-  __DATA_CONST.__auth_ptr: 0x4d0\n+  __DATA_CONST.__auth_ptr: 0x4c8\n   __DATA_CONST.__const: 0x598\n   __DATA_CONST.__objc_classlist: 0x18\n   __DATA_CONST.__objc_imageinfo: 0x8\n\n   - /usr/lib/swift/libswiftsimd.dylib\n   - /usr/lib/swift/libswiftsys_time.dylib\n   - /usr/lib/swift/libswiftunistd.dylib\n-  UUID: D1AD6269-9FCA-3030-BB84-91D7A33AF5AB\n+  UUID: 0D45949E-46EC-3A17-8188-29569B957C90\n   Functions: 441\n   Symbols:   106\n   CStrings:  0\n\n```\n",
      "/System/Library/CoreServices/Setup Assistant.app/Contents/MacOS/Setup Assistant": "```diff\n\n   __TEXT.__eh_frame: 0x35e0\n   __DATA_CONST.__auth_got: 0x1208\n   __DATA_CONST.__got: 0x10e8\n-  __DATA_CONST.__auth_ptr: 0x548\n+  __DATA_CONST.__auth_ptr: 0x568\n   __DATA_CONST.__const: 0x9808\n   __DATA_CONST.__cfstring: 0x1ca40\n   __DATA_CONST.__objc_classlist: 0x8b0\n\n   - /usr/lib/swift/libswiftsimd.dylib\n   - /usr/lib/swift/libswiftsys_time.dylib\n   - /usr/lib/swift/libswiftunistd.dylib\n-  UUID: DDB389B8-EABD-3A9E-8427-0C55E27999E1\n+  UUID: 2EE5B8AA-3076-39F8-92E1-EBB3E3FCBC57\n   Functions: 9520\n   Symbols:   1278\n   CStrings:  0\n\n```\n",
      "/System/Library/Templates/Data/Library/Apple/System/Library/PrivateFrameworks/RemotePairing.framework/Versions/A/RemotePairing": "```diff\n\n   __DATA_CONST.__objc_imageinfo: 0x8\n   __DATA_CONST.__objc_selrefs: 0x488\n   __AUTH_CONST.__auth_got: 0x16a0\n-  __AUTH_CONST.__auth_ptr: 0xa60\n+  __AUTH_CONST.__auth_ptr: 0xa38\n   __AUTH_CONST.__const: 0xb630\n   __AUTH_CONST.__cfstring: 0x1e0\n   __AUTH_CONST.__objc_const: 0x3680\n\n   - /usr/lib/swift/libswiftUniformTypeIdentifiers.dylib\n   - /usr/lib/swift/libswiftXPC.dylib\n   - /usr/lib/swift/libswiftos.dylib\n-  UUID: C366EDD2-0921-3F66-A92E-0B1FE8A6ED83\n+  UUID: 225B951F-035B-30E4-9469-15AEA6C749A3\n   Functions: 8400\n   Symbols:   3752\n   CStrings:  0\n\n```\n",
      "/System/Library/Templates/Data/Library/Apple/System/Library/PrivateFrameworks/RemotePairing.framework/Versions/A/XPCServices/remotepairingd.xpc/Contents/MacOS/remotepairingd": "```diff\n\n   __TEXT.__eh_frame: 0x1238\n   __DATA_CONST.__auth_got: 0x18e8\n   __DATA_CONST.__got: 0x758\n-  __DATA_CONST.__auth_ptr: 0x760\n+  __DATA_CONST.__auth_ptr: 0x728\n   __DATA_CONST.__const: 0x2008\n   __DATA_CONST.__cfstring: 0x580\n   __DATA_CONST.__objc_classlist: 0x98\n\n   - /usr/lib/swift/libswiftUniformTypeIdentifiers.dylib\n   - /usr/lib/swift/libswiftXPC.dylib\n   - /usr/lib/swift/libswiftos.dylib\n-  UUID: AB193468-DBCF-3C61-9606-DBB310BA1676\n+  UUID: 481BF680-4962-323D-8F06-B242E2A9C9C1\n   Functions: 2510\n   Symbols:   365\n   CStrings:  0\n\n```\n",
      "/usr/libexec/mobileactivationd": "```diff\n\n-1015.60.1.0.0\n-  __TEXT.__text: 0x5ff30\n+1015.81.2.0.0\n+  __TEXT.__text: 0x60294\n   __TEXT.__auth_stubs: 0xfb0\n   __TEXT.__objc_stubs: 0x2140\n   __TEXT.__objc_methlist: 0x550\n\n   __TEXT.__gcc_except_tab: 0x1218\n   __TEXT.__objc_methname: 0x2584\n   __TEXT.__oslogstring: 0x12cd\n-  __TEXT.__cstring: 0xb184\n+  __TEXT.__cstring: 0xb240\n   __TEXT.__objc_classname: 0x10f\n   __TEXT.__objc_methtype: 0x8db\n   __TEXT.__ustring: 0x4\n\n   __DATA_CONST.__got: 0x418\n   __DATA_CONST.__auth_ptr: 0x38\n   __DATA_CONST.__const: 0x34f8\n-  __DATA_CONST.__cfstring: 0x9420\n+  __DATA_CONST.__cfstring: 0x94e0\n   __DATA_CONST.__objc_classlist: 0x38\n   __DATA_CONST.__objc_catlist: 0x8\n   __DATA_CONST.__objc_protolist: 0x30\n\n   __DATA_CONST.__objc_protorefs: 0x8\n   __DATA_CONST.__objc_superrefs: 0x28\n   __DATA_CONST.__objc_intobj: 0x210\n-  __DATA_CONST.__objc_arraydata: 0x448\n+  __DATA_CONST.__objc_arraydata: 0x450\n   __DATA_CONST.__objc_arrayobj: 0x78\n   __DATA.__objc_const: 0x1360\n   __DATA.__objc_selrefs: 0x958\n\n   - /usr/lib/libSystem.B.dylib\n   - /usr/lib/libbootpolicy.dylib\n   - /usr/lib/libobjc.A.dylib\n-  UUID: BBEAE3A7-0115-33E3-AB7C-C3721415FB76\n-  Functions: 1046\n-  Symbols:   7533\n+  UUID: DAEBF95A-1410-3E3B-B1D9-D4CC308E9041\n+  Functions: 1049\n+  Symbols:   7548\n   CStrings:  0\n \nSymbols:\n+ /AppleInternal/Library/BuildRoots/2d1fc6ee-e34b-11ef-ba1a-122ba06eff56/Applications/Xcode.app/Contents/Developer/Platforms/MacOSX.platform/Developer/SDKs/MacOSX15.3.Internal.sdk/usr/local/lib/amd/libDER.a(DER_Decode.o)\n+ /AppleInternal/Library/BuildRoots/2d1fc6ee-e34b-11ef-ba1a-122ba06eff56/Applications/Xcode.app/Contents/Developer/Platforms/MacOSX.platform/Developer/SDKs/MacOSX15.3.Internal.sdk/usr/local/lib/libCoreTrust.a(CMS.o)\n+ /AppleInternal/Library/BuildRoots/2d1fc6ee-e34b-11ef-ba1a-122ba06eff56/Applications/Xcode.app/Contents/Developer/Platforms/MacOSX.platform/Developer/SDKs/MacOSX15.3.Internal.sdk/usr/local/lib/libCoreTrust.a(CTEvaluate.o)\n+ /AppleInternal/Library/BuildRoots/2d1fc6ee-e34b-11ef-ba1a-122ba06eff56/Applications/Xcode.app/Contents/Developer/Platforms/MacOSX.platform/Developer/SDKs/MacOSX15.3.Internal.sdk/usr/local/lib/libCoreTrust.a(CTEvaluateBAA.o)\n+ /AppleInternal/Library/BuildRoots/2d1fc6ee-e34b-11ef-ba1a-122ba06eff56/Applications/Xcode.app/Contents/Developer/Platforms/MacOSX.platform/Developer/SDKs/MacOSX15.3.Internal.sdk/usr/local/lib/libCoreTrust.a(CryptoUtils.o)\n+ /AppleInternal/Library/BuildRoots/2d1fc6ee-e34b-11ef-ba1a-122ba06eff56/Applications/Xcode.app/Contents/Developer/Platforms/MacOSX.platform/Developer/SDKs/MacOSX15.3.Internal.sdk/usr/local/lib/libCoreTrust.a(DERUtils.o)\n+ /AppleInternal/Library/BuildRoots/2d1fc6ee-e34b-11ef-ba1a-122ba06eff56/Applications/Xcode.app/Contents/Developer/Platforms/MacOSX.platform/Developer/SDKs/MacOSX15.3.Internal.sdk/usr/local/lib/libCoreTrust.a(X509Certificate.o)\n+ /AppleInternal/Library/BuildRoots/2d1fc6ee-e34b-11ef-ba1a-122ba06eff56/Applications/Xcode.app/Contents/Developer/Platforms/MacOSX.platform/Developer/SDKs/MacOSX15.3.Internal.sdk/usr/local/lib/libCoreTrust.a(X509Chain.o)\n+ /AppleInternal/Library/BuildRoots/2d1fc6ee-e34b-11ef-ba1a-122ba06eff56/Applications/Xcode.app/Contents/Developer/Platforms/MacOSX.platform/Developer/SDKs/MacOSX15.3.Internal.sdk/usr/local/lib/libCoreTrust.a(X509Policy.o)\n+ /AppleInternal/Library/BuildRoots/2d1fc6ee-e34b-11ef-ba1a-122ba06eff56/Applications/Xcode.app/Contents/Developer/Platforms/MacOSX.platform/Developer/SDKs/MacOSX15.3.Internal.sdk/usr/local/lib/libaks.a(acl_keys.o)\n+ /AppleInternal/Library/BuildRoots/2d1fc6ee-e34b-11ef-ba1a-122ba06eff56/Applications/Xcode.app/Contents/Developer/Platforms/MacOSX.platform/Developer/SDKs/MacOSX15.3.Internal.sdk/usr/local/lib/libaks.a(der_utils.o)\n+ /AppleInternal/Library/BuildRoots/2d1fc6ee-e34b-11ef-ba1a-122ba06eff56/Applications/Xcode.app/Contents/Developer/Platforms/MacOSX.platform/Developer/SDKs/MacOSX15.3.Internal.sdk/usr/local/lib/libaks.a(firebloom_hacks.o)\n+ /AppleInternal/Library/BuildRoots/2d1fc6ee-e34b-11ef-ba1a-122ba06eff56/Applications/Xcode.app/Contents/Developer/Platforms/MacOSX.platform/Developer/SDKs/MacOSX15.3.Internal.sdk/usr/local/lib/libaks.a(libaks_client.o)\n+ /AppleInternal/Library/BuildRoots/2d1fc6ee-e34b-11ef-ba1a-122ba06eff56/Applications/Xcode.app/Contents/Developer/Platforms/MacOSX.platform/Developer/SDKs/MacOSX15.3.Internal.sdk/usr/local/lib/libaks.a(libaks_internal.o)\n+ /AppleInternal/Library/BuildRoots/2d1fc6ee-e34b-11ef-ba1a-122ba06eff56/Applications/Xcode.app/Contents/Developer/Platforms/MacOSX.platform/Developer/SDKs/MacOSX15.3.Internal.sdk/usr/local/lib/libaks.a(libaks_ref_key.o)\n+ /AppleInternal/Library/BuildRoots/2d1fc6ee-e34b-11ef-ba1a-122ba06eff56/Library/Caches/com.apple.xbs/Binaries/MobileActivation/install/TempContent/Objects/MobileActivation.build/mobileactivationdMacOS.build/Objects-normal/arm64e/BAAASMFiOSRootCAPEM.o\n+ /AppleInternal/Library/BuildRoots/2d1fc6ee-e34b-11ef-ba1a-122ba06eff56/Library/Caches/com.apple.xbs/Binaries/MobileActivation/install/TempContent/Objects/MobileActivation.build/mobileactivationdMacOS.build/Objects-normal/arm64e/BAAMFiRootCAPEM.o\n+ /AppleInternal/Library/BuildRoots/2d1fc6ee-e34b-11ef-ba1a-122ba06eff56/Library/Caches/com.apple.xbs/Binaries/MobileActivation/install/TempContent/Objects/MobileActivation.build/mobileactivationdMacOS.build/Objects-normal/arm64e/BAASCRTRootCAPEM.o\n+ /AppleInternal/Library/BuildRoots/2d1fc6ee-e34b-11ef-ba1a-122ba06eff56/Library/Caches/com.apple.xbs/Binaries/MobileActivation/install/TempContent/Objects/MobileActivation.build/mobileactivationdMacOS.build/Objects-normal/arm64e/BAAUCRTRootCAPEM.o\n+ /AppleInternal/Library/BuildRoots/2d1fc6ee-e34b-11ef-ba1a-122ba06eff56/Library/Caches/com.apple.xbs/Binaries/MobileActivation/install/TempContent/Objects/MobileActivation.build/mobileactivationdMacOS.build/Objects-normal/arm64e/BAAVMRootCAPEM.o\n+ /AppleInternal/Library/BuildRoots/2d1fc6ee-e34b-11ef-ba1a-122ba06eff56/Library/Caches/com.apple.xbs/Binaries/MobileActivation/install/TempContent/Objects/MobileActivation.build/mobileactivationdMacOS.build/Objects-normal/arm64e/FactoryUCRTRootCAPEM.o\n+ /AppleInternal/Library/BuildRoots/2d1fc6ee-e34b-11ef-ba1a-122ba06eff56/Library/Caches/com.apple.xbs/Binaries/MobileActivation/install/TempContent/Objects/MobileActivation.build/mobileactivationdMacOS.build/Objects-normal/arm64e/GestaltHlpr.o\n+ /AppleInternal/Library/BuildRoots/2d1fc6ee-e34b-11ef-ba1a-122ba06eff56/Library/Caches/com.apple.xbs/Binaries/MobileActivation/install/TempContent/Objects/MobileActivation.build/mobileactivationdMacOS.build/Objects-normal/arm64e/MobileActivationError.o\n+ /AppleInternal/Library/BuildRoots/2d1fc6ee-e34b-11ef-ba1a-122ba06eff56/Library/Caches/com.apple.xbs/Binaries/MobileActivation/install/TempContent/Objects/MobileActivation.build/mobileactivationdMacOS.build/Objects-normal/arm64e/MobileActivationErrorPrivate.o\n+ /AppleInternal/Library/BuildRoots/2d1fc6ee-e34b-11ef-ba1a-122ba06eff56/Library/Caches/com.apple.xbs/Binaries/MobileActivation/install/TempContent/Objects/MobileActivation.build/mobileactivationdMacOS.build/Objects-normal/arm64e/NSDateFormatter+MobileActivation.o\n+ /AppleInternal/Library/BuildRoots/2d1fc6ee-e34b-11ef-ba1a-122ba06eff56/Library/Caches/com.apple.xbs/Binaries/MobileActivation/install/TempContent/Objects/MobileActivation.build/mobileactivationdMacOS.build/Objects-normal/arm64e/NetworkProvider.o\n+ /AppleInternal/Library/BuildRoots/2d1fc6ee-e34b-11ef-ba1a-122ba06eff56/Library/Caches/com.apple.xbs/Binaries/MobileActivation/install/TempContent/Objects/MobileActivation.build/mobileactivationdMacOS.build/Objects-normal/arm64e/QABAAASMFiOSRootCAPEM.o\n+ /AppleInternal/Library/BuildRoots/2d1fc6ee-e34b-11ef-ba1a-122ba06eff56/Library/Caches/com.apple.xbs/Binaries/MobileActivation/install/TempContent/Objects/MobileActivation.build/mobileactivationdMacOS.build/Objects-normal/arm64e/QABAAMFiRootCAPEM.o\n+ /AppleInternal/Library/BuildRoots/2d1fc6ee-e34b-11ef-ba1a-122ba06eff56/Library/Caches/com.apple.xbs/Binaries/MobileActivation/install/TempContent/Objects/MobileActivation.build/mobileactivationdMacOS.build/Objects-normal/arm64e/QABAASCRTRootCAPEM.o\n+ /AppleInternal/Library/BuildRoots/2d1fc6ee-e34b-11ef-ba1a-122ba06eff56/Library/Caches/com.apple.xbs/Binaries/MobileActivation/install/TempContent/Objects/MobileActivation.build/mobileactivationdMacOS.build/Objects-normal/arm64e/QABAAUCRTRootCAPEM.o\n+ /AppleInternal/Library/BuildRoots/2d1fc6ee-e34b-11ef-ba1a-122ba06eff56/Library/Caches/com.apple.xbs/Binaries/MobileActivation/install/TempContent/Objects/MobileActivation.build/mobileactivationdMacOS.build/Objects-normal/arm64e/QABAAVMRootCAPEM.o\n+ /AppleInternal/Library/BuildRoots/2d1fc6ee-e34b-11ef-ba1a-122ba06eff56/Library/Caches/com.apple.xbs/Binaries/MobileActivation/install/TempContent/Objects/MobileActivation.build/mobileactivationdMacOS.build/Objects-normal/arm64e/QAIphoneActivationPEM.o\n+ /AppleInternal/Library/BuildRoots/2d1fc6ee-e34b-11ef-ba1a-122ba06eff56/Library/Caches/com.apple.xbs/Binaries/MobileActivation/install/TempContent/Objects/MobileActivation.build/mobileactivationdMacOS.build/Objects-normal/arm64e/QAIphoneDeviceCAPEM.o\n+ /AppleInternal/Library/BuildRoots/2d1fc6ee-e34b-11ef-ba1a-122ba06eff56/Library/Caches/com.apple.xbs/Binaries/MobileActivation/install/TempContent/Objects/MobileActivation.build/mobileactivationdMacOS.build/Objects-normal/arm64e/QAUCRTRootCAP384PEM.o\n+ /AppleInternal/Library/BuildRoots/2d1fc6ee-e34b-11ef-ba1a-122ba06eff56/Library/Caches/com.apple.xbs/Binaries/MobileActivation/install/TempContent/Objects/MobileActivation.build/mobileactivationdMacOS.build/Objects-normal/arm64e/QAUCRTRootCAPEM.o\n+ /AppleInternal/Library/BuildRoots/2d1fc6ee-e34b-11ef-ba1a-122ba06eff56/Library/Caches/com.apple.xbs/Binaries/MobileActivation/install/TempContent/Objects/MobileActivation.build/mobileactivationdMacOS.build/Objects-normal/arm64e/QAUCRTSubCAPEM.o\n+ /AppleInternal/Library/BuildRoots/2d1fc6ee-e34b-11ef-ba1a-122ba06eff56/Library/Caches/com.apple.xbs/Binaries/MobileActivation/install/TempContent/Objects/MobileActivation.build/mobileactivationdMacOS.build/Objects-normal/arm64e/RaptorActivationPEM.o\n+ /AppleInternal/Library/BuildRoots/2d1fc6ee-e34b-11ef-ba1a-122ba06eff56/Library/Caches/com.apple.xbs/Binaries/MobileActivation/install/TempContent/Objects/MobileActivation.build/mobileactivationdMacOS.build/Objects-normal/arm64e/RaptorDeviceCAPEM.o\n+ /AppleInternal/Library/BuildRoots/2d1fc6ee-e34b-11ef-ba1a-122ba06eff56/Library/Caches/com.apple.xbs/Binaries/MobileActivation/install/TempContent/Objects/MobileActivation.build/mobileactivationdMacOS.build/Objects-normal/arm64e/UCRTRootCAPEM.o\n+ /AppleInternal/Library/BuildRoots/2d1fc6ee-e34b-11ef-ba1a-122ba06eff56/Library/Caches/com.apple.xbs/Binaries/MobileActivation/install/TempContent/Objects/MobileActivation.build/mobileactivationdMacOS.build/Objects-normal/arm64e/UCRTSubCAPEM.o\n+ /AppleInternal/Library/BuildRoots/2d1fc6ee-e34b-11ef-ba1a-122ba06eff56/Library/Caches/com.apple.xbs/Binaries/MobileActivation/install/TempContent/Objects/MobileActivation.build/mobileactivationdMacOS.build/Objects-normal/arm64e/activationSupportMacOS.o\n+ /AppleInternal/Library/BuildRoots/2d1fc6ee-e34b-11ef-ba1a-122ba06eff56/Library/Caches/com.apple.xbs/Binaries/MobileActivation/install/TempContent/Objects/MobileActivation.build/mobileactivationdMacOS.build/Objects-normal/arm64e/activation_support_shared.o\n+ /AppleInternal/Library/BuildRoots/2d1fc6ee-e34b-11ef-ba1a-122ba06eff56/Library/Caches/com.apple.xbs/Binaries/MobileActivation/install/TempContent/Objects/MobileActivation.build/mobileactivationdMacOS.build/Objects-normal/arm64e/authkit.o\n+ /AppleInternal/Library/BuildRoots/2d1fc6ee-e34b-11ef-ba1a-122ba06eff56/Library/Caches/com.apple.xbs/Binaries/MobileActivation/install/TempContent/Objects/MobileActivation.build/mobileactivationdMacOS.build/Objects-normal/arm64e/baa.o\n+ /AppleInternal/Library/BuildRoots/2d1fc6ee-e34b-11ef-ba1a-122ba06eff56/Library/Caches/com.apple.xbs/Binaries/MobileActivation/install/TempContent/Objects/MobileActivation.build/mobileactivationdMacOS.build/Objects-normal/arm64e/baa_oids.o\n+ /AppleInternal/Library/BuildRoots/2d1fc6ee-e34b-11ef-ba1a-122ba06eff56/Library/Caches/com.apple.xbs/Binaries/MobileActivation/install/TempContent/Objects/MobileActivation.build/mobileactivationdMacOS.build/Objects-normal/arm64e/bridge.o\n+ /AppleInternal/Library/BuildRoots/2d1fc6ee-e34b-11ef-ba1a-122ba06eff56/Library/Caches/com.apple.xbs/Binaries/MobileActivation/install/TempContent/Objects/MobileActivation.build/mobileactivationdMacOS.build/Objects-normal/arm64e/bridge_support.o\n+ /AppleInternal/Library/BuildRoots/2d1fc6ee-e34b-11ef-ba1a-122ba06eff56/Library/Caches/com.apple.xbs/Binaries/MobileActivation/install/TempContent/Objects/MobileActivation.build/mobileactivationdMacOS.build/Objects-normal/arm64e/common.o\n+ /AppleInternal/Library/BuildRoots/2d1fc6ee-e34b-11ef-ba1a-122ba06eff56/Library/Caches/com.apple.xbs/Binaries/MobileActivation/install/TempContent/Objects/MobileActivation.build/mobileactivationdMacOS.build/Objects-normal/arm64e/coretrust.o\n+ /AppleInternal/Library/BuildRoots/2d1fc6ee-e34b-11ef-ba1a-122ba06eff56/Library/Caches/com.apple.xbs/Binaries/MobileActivation/install/TempContent/Objects/MobileActivation.build/mobileactivationdMacOS.build/Objects-normal/arm64e/crypto.o\n+ /AppleInternal/Library/BuildRoots/2d1fc6ee-e34b-11ef-ba1a-122ba06eff56/Library/Caches/com.apple.xbs/Binaries/MobileActivation/install/TempContent/Objects/MobileActivation.build/mobileactivationdMacOS.build/Objects-normal/arm64e/data_ark.o\n+ /AppleInternal/Library/BuildRoots/2d1fc6ee-e34b-11ef-ba1a-122ba06eff56/Library/Caches/com.apple.xbs/Binaries/MobileActivation/install/TempContent/Objects/MobileActivation.build/mobileactivationdMacOS.build/Objects-normal/arm64e/device_tree.o\n+ /AppleInternal/Library/BuildRoots/2d1fc6ee-e34b-11ef-ba1a-122ba06eff56/Library/Caches/com.apple.xbs/Binaries/MobileActivation/install/TempContent/Objects/MobileActivation.build/mobileactivationdMacOS.build/Objects-normal/arm64e/dsp.o\n+ /AppleInternal/Library/BuildRoots/2d1fc6ee-e34b-11ef-ba1a-122ba06eff56/Library/Caches/com.apple.xbs/Binaries/MobileActivation/install/TempContent/Objects/MobileActivation.build/mobileactivationdMacOS.build/Objects-normal/arm64e/findmy.o\n+ /AppleInternal/Library/BuildRoots/2d1fc6ee-e34b-11ef-ba1a-122ba06eff56/Library/Caches/com.apple.xbs/Binaries/MobileActivation/install/TempContent/Objects/MobileActivation.build/mobileactivationdMacOS.build/Objects-normal/arm64e/iPhoneActivationPEM.o\n+ /AppleInternal/Library/BuildRoots/2d1fc6ee-e34b-11ef-ba1a-122ba06eff56/Library/Caches/com.apple.xbs/Binaries/MobileActivation/install/TempContent/Objects/MobileActivation.build/mobileactivationdMacOS.build/Objects-normal/arm64e/iPhoneCAPEM.o\n+ /AppleInternal/Library/BuildRoots/2d1fc6ee-e34b-11ef-ba1a-122ba06eff56/Library/Caches/com.apple.xbs/Binaries/MobileActivation/install/TempContent/Objects/MobileActivation.build/mobileactivationdMacOS.build/Objects-normal/arm64e/iPhoneDeviceCAPEM.o\n+ /AppleInternal/Library/BuildRoots/2d1fc6ee-e34b-11ef-ba1a-122ba06eff56/Library/Caches/com.apple.xbs/Binaries/MobileActivation/install/TempContent/Objects/MobileActivation.build/mobileactivationdMacOS.build/Objects-normal/arm64e/identity_support.o\n+ /AppleInternal/Library/BuildRoots/2d1fc6ee-e34b-11ef-ba1a-122ba06eff56/Library/Caches/com.apple.xbs/Binaries/MobileActivation/install/TempContent/Objects/MobileActivation.build/mobileactivationdMacOS.build/Objects-normal/arm64e/keylist.o\n+ /AppleInternal/Library/BuildRoots/2d1fc6ee-e34b-11ef-ba1a-122ba06eff56/Library/Caches/com.apple.xbs/Binaries/MobileActivation/install/TempContent/Objects/MobileActivation.build/mobileactivationdMacOS.build/Objects-normal/arm64e/libaks_keymanagement.o\n+ /AppleInternal/Library/BuildRoots/2d1fc6ee-e34b-11ef-ba1a-122ba06eff56/Library/Caches/com.apple.xbs/Binaries/MobileActivation/install/TempContent/Objects/MobileActivation.build/mobileactivationdMacOS.build/Objects-normal/arm64e/log.o\n+ /AppleInternal/Library/BuildRoots/2d1fc6ee-e34b-11ef-ba1a-122ba06eff56/Library/Caches/com.apple.xbs/Binaries/MobileActivation/install/TempContent/Objects/MobileActivation.build/mobileactivationdMacOS.build/Objects-normal/arm64e/main.o\n+ /AppleInternal/Library/BuildRoots/2d1fc6ee-e34b-11ef-ba1a-122ba06eff56/Library/Caches/com.apple.xbs/Binaries/MobileActivation/install/TempContent/Objects/MobileActivation.build/mobileactivationdMacOS.build/Objects-normal/arm64e/mobileactivationdMacOS.o\n+ /AppleInternal/Library/BuildRoots/2d1fc6ee-e34b-11ef-ba1a-122ba06eff56/Library/Caches/com.apple.xbs/Binaries/MobileActivation/install/TempContent/Objects/MobileActivation.build/mobileactivationdMacOS.build/Objects-normal/arm64e/msu_data_accessor.o\n+ /AppleInternal/Library/BuildRoots/2d1fc6ee-e34b-11ef-ba1a-122ba06eff56/Library/Caches/com.apple.xbs/Binaries/MobileActivation/install/TempContent/Objects/MobileActivation.build/mobileactivationdMacOS.build/Objects-normal/arm64e/path_support_shared.o\n+ /AppleInternal/Library/BuildRoots/2d1fc6ee-e34b-11ef-ba1a-122ba06eff56/Library/Caches/com.apple.xbs/Binaries/MobileActivation/install/TempContent/Objects/MobileActivation.build/mobileactivationdMacOS.build/Objects-normal/arm64e/requests.o\n+ /AppleInternal/Library/BuildRoots/2d1fc6ee-e34b-11ef-ba1a-122ba06eff56/Library/Caches/com.apple.xbs/Binaries/MobileActivation/install/TempContent/Objects/MobileActivation.build/mobileactivationdMacOS.build/Objects-normal/arm64e/requests_network.o\n+ /AppleInternal/Library/BuildRoots/2d1fc6ee-e34b-11ef-ba1a-122ba06eff56/Library/Caches/com.apple.xbs/Binaries/MobileActivation/install/TempContent/Objects/MobileActivation.build/mobileactivationdMacOS.build/Objects-normal/arm64e/requests_support.o\n+ /AppleInternal/Library/BuildRoots/2d1fc6ee-e34b-11ef-ba1a-122ba06eff56/Library/Caches/com.apple.xbs/Binaries/MobileActivation/install/TempContent/Objects/MobileActivation.build/mobileactivationdMacOS.build/Objects-normal/arm64e/root_certificates.o\n+ /AppleInternal/Library/BuildRoots/2d1fc6ee-e34b-11ef-ba1a-122ba06eff56/Library/Caches/com.apple.xbs/Binaries/MobileActivation/install/TempContent/Objects/MobileActivation.build/mobileactivationdMacOS.build/Objects-normal/arm64e/security_keymanagement.o\n+ /AppleInternal/Library/BuildRoots/2d1fc6ee-e34b-11ef-ba1a-122ba06eff56/Library/Caches/com.apple.xbs/Binaries/MobileActivation/install/TempContent/Objects/MobileActivation.build/mobileactivationdMacOS.build/Objects-normal/arm64e/signpost.o\n+ /AppleInternal/Library/BuildRoots/2d1fc6ee-e34b-11ef-ba1a-122ba06eff56/Library/Caches/com.apple.xbs/Binaries/MobileActivation/install/TempContent/Objects/MobileActivation.build/mobileactivationdMacOS.build/Objects-normal/arm64e/splunk_logging.o\n+ /AppleInternal/Library/BuildRoots/2d1fc6ee-e34b-11ef-ba1a-122ba06eff56/Library/Caches/com.apple.xbs/Binaries/MobileActivation/install/TempContent/Objects/MobileActivation.build/mobileactivationdMacOS.build/Objects-normal/arm64e/vm_host_support.o\n+ /AppleInternal/Library/BuildRoots/2d1fc6ee-e34b-11ef-ba1a-122ba06eff56/Library/Caches/com.apple.xbs/Binaries/MobileActivation/install/TempContent/Objects/MobileActivation.build/mobileactivationdMacOS.build/Objects-normal/arm64e/vm_libavp.o\n+ /AppleInternal/Library/BuildRoots/2d1fc6ee-e34b-11ef-ba1a-122ba06eff56/Library/Caches/com.apple.xbs/Binaries/MobileActivation/install/TempContent/Objects/MobileActivation.build/mobileactivationdMacOS.build/Objects-normal/arm64e/vm_support.o\n+ /AppleInternal/Library/BuildRoots/2d1fc6ee-e34b-11ef-ba1a-122ba06eff56/Library/Caches/com.apple.xbs/Sources/MobileActivation/certs/Activation/PROD/\n+ /AppleInternal/Library/BuildRoots/2d1fc6ee-e34b-11ef-ba1a-122ba06eff56/Library/Caches/com.apple.xbs/Sources/MobileActivation/certs/Activation/QA/\n+ /AppleInternal/Library/BuildRoots/2d1fc6ee-e34b-11ef-ba1a-122ba06eff56/Library/Caches/com.apple.xbs/Sources/MobileActivation/certs/BAA/PROD/\n+ /AppleInternal/Library/BuildRoots/2d1fc6ee-e34b-11ef-ba1a-122ba06eff56/Library/Caches/com.apple.xbs/Sources/MobileActivation/certs/BAA/QA/\n+ /AppleInternal/Library/BuildRoots/2d1fc6ee-e34b-11ef-ba1a-122ba06eff56/Library/Caches/com.apple.xbs/Sources/MobileActivation/certs/UCRT/PROD/\n+ /AppleInternal/Library/BuildRoots/2d1fc6ee-e34b-11ef-ba1a-122ba06eff56/Library/Caches/com.apple.xbs/Sources/MobileActivation/certs/UCRT/QA/\n+ /AppleInternal/Library/BuildRoots/2d1fc6ee-e34b-11ef-ba1a-122ba06eff56/Library/Caches/com.apple.xbs/Sources/MobileActivation/mobileactivationdMacOS/\n+ /AppleInternal/Library/BuildRoots/2d1fc6ee-e34b-11ef-ba1a-122ba06eff56/Library/Caches/com.apple.xbs/Sources/MobileActivation/shared/\n+ _validateCertificateOID\n+ _validateCertificateOIDArray\n+ _validateOIDKeyUsageProperties\n- /AppleInternal/Library/BuildRoots/d187755d-b9a3-11ef-83e5-aabfac210453/Applications/Xcode.app/Contents/Developer/Platforms/MacOSX.platform/Developer/SDKs/MacOSX15.3.Internal.sdk/usr/local/lib/amd/libDER.a(DER_Decode.o)\n- /AppleInternal/Library/BuildRoots/d187755d-b9a3-11ef-83e5-aabfac210453/Applications/Xcode.app/Contents/Developer/Platforms/MacOSX.platform/Developer/SDKs/MacOSX15.3.Internal.sdk/usr/local/lib/libCoreTrust.a(CMS.o)\n- /AppleInternal/Library/BuildRoots/d187755d-b9a3-11ef-83e5-aabfac210453/Applications/Xcode.app/Contents/Developer/Platforms/MacOSX.platform/Developer/SDKs/MacOSX15.3.Internal.sdk/usr/local/lib/libCoreTrust.a(CTEvaluate.o)\n- /AppleInternal/Library/BuildRoots/d187755d-b9a3-11ef-83e5-aabfac210453/Applications/Xcode.app/Contents/Developer/Platforms/MacOSX.platform/Developer/SDKs/MacOSX15.3.Internal.sdk/usr/local/lib/libCoreTrust.a(CTEvaluateBAA.o)\n- /AppleInternal/Library/BuildRoots/d187755d-b9a3-11ef-83e5-aabfac210453/Applications/Xcode.app/Contents/Developer/Platforms/MacOSX.platform/Developer/SDKs/MacOSX15.3.Internal.sdk/usr/local/lib/libCoreTrust.a(CryptoUtils.o)\n- /AppleInternal/Library/BuildRoots/d187755d-b9a3-11ef-83e5-aabfac210453/Applications/Xcode.app/Contents/Developer/Platforms/MacOSX.platform/Developer/SDKs/MacOSX15.3.Internal.sdk/usr/local/lib/libCoreTrust.a(DERUtils.o)\n- /AppleInternal/Library/BuildRoots/d187755d-b9a3-11ef-83e5-aabfac210453/Applications/Xcode.app/Contents/Developer/Platforms/MacOSX.platform/Developer/SDKs/MacOSX15.3.Internal.sdk/usr/local/lib/libCoreTrust.a(X509Certificate.o)\n- /AppleInternal/Library/BuildRoots/d187755d-b9a3-11ef-83e5-aabfac210453/Applications/Xcode.app/Contents/Developer/Platforms/MacOSX.platform/Developer/SDKs/MacOSX15.3.Internal.sdk/usr/local/lib/libCoreTrust.a(X509Chain.o)\n- /AppleInternal/Library/BuildRoots/d187755d-b9a3-11ef-83e5-aabfac210453/Applications/Xcode.app/Contents/Developer/Platforms/MacOSX.platform/Developer/SDKs/MacOSX15.3.Internal.sdk/usr/local/lib/libCoreTrust.a(X509Policy.o)\n- /AppleInternal/Library/BuildRoots/d187755d-b9a3-11ef-83e5-aabfac210453/Applications/Xcode.app/Contents/Developer/Platforms/MacOSX.platform/Developer/SDKs/MacOSX15.3.Internal.sdk/usr/local/lib/libaks.a(acl_keys.o)\n- /AppleInternal/Library/BuildRoots/d187755d-b9a3-11ef-83e5-aabfac210453/Applications/Xcode.app/Contents/Developer/Platforms/MacOSX.platform/Developer/SDKs/MacOSX15.3.Internal.sdk/usr/local/lib/libaks.a(der_utils.o)\n- /AppleInternal/Library/BuildRoots/d187755d-b9a3-11ef-83e5-aabfac210453/Applications/Xcode.app/Contents/Developer/Platforms/MacOSX.platform/Developer/SDKs/MacOSX15.3.Internal.sdk/usr/local/lib/libaks.a(firebloom_hacks.o)\n- /AppleInternal/Library/BuildRoots/d187755d-b9a3-11ef-83e5-aabfac210453/Applications/Xcode.app/Contents/Developer/Platforms/MacOSX.platform/Developer/SDKs/MacOSX15.3.Internal.sdk/usr/local/lib/libaks.a(libaks_client.o)\n- /AppleInternal/Library/BuildRoots/d187755d-b9a3-11ef-83e5-aabfac210453/Applications/Xcode.app/Contents/Developer/Platforms/MacOSX.platform/Developer/SDKs/MacOSX15.3.Internal.sdk/usr/local/lib/libaks.a(libaks_internal.o)\n- /AppleInternal/Library/BuildRoots/d187755d-b9a3-11ef-83e5-aabfac210453/Applications/Xcode.app/Contents/Developer/Platforms/MacOSX.platform/Developer/SDKs/MacOSX15.3.Internal.sdk/usr/local/lib/libaks.a(libaks_ref_key.o)\n- /AppleInternal/Library/BuildRoots/d187755d-b9a3-11ef-83e5-aabfac210453/Library/Caches/com.apple.xbs/Binaries/MobileActivation/install/TempContent/Objects/MobileActivation.build/mobileactivationdMacOS.build/Objects-normal/arm64e/BAAASMFiOSRootCAPEM.o\n- /AppleInternal/Library/BuildRoots/d187755d-b9a3-11ef-83e5-aabfac210453/Library/Caches/com.apple.xbs/Binaries/MobileActivation/install/TempContent/Objects/MobileActivation.build/mobileactivationdMacOS.build/Objects-normal/arm64e/BAAMFiRootCAPEM.o\n- /AppleInternal/Library/BuildRoots/d187755d-b9a3-11ef-83e5-aabfac210453/Library/Caches/com.apple.xbs/Binaries/MobileActivation/install/TempContent/Objects/MobileActivation.build/mobileactivationdMacOS.build/Objects-normal/arm64e/BAASCRTRootCAPEM.o\n- /AppleInternal/Library/BuildRoots/d187755d-b9a3-11ef-83e5-aabfac210453/Library/Caches/com.apple.xbs/Binaries/MobileActivation/install/TempContent/Objects/MobileActivation.build/mobileactivationdMacOS.build/Objects-normal/arm64e/BAAUCRTRootCAPEM.o\n- /AppleInternal/Library/BuildRoots/d187755d-b9a3-11ef-83e5-aabfac210453/Library/Caches/com.apple.xbs/Binaries/MobileActivation/install/TempContent/Objects/MobileActivation.build/mobileactivationdMacOS.build/Objects-normal/arm64e/BAAVMRootCAPEM.o\n- /AppleInternal/Library/BuildRoots/d187755d-b9a3-11ef-83e5-aabfac210453/Library/Caches/com.apple.xbs/Binaries/MobileActivation/install/TempContent/Objects/MobileActivation.build/mobileactivationdMacOS.build/Objects-normal/arm64e/FactoryUCRTRootCAPEM.o\n- /AppleInternal/Library/BuildRoots/d187755d-b9a3-11ef-83e5-aabfac210453/Library/Caches/com.apple.xbs/Binaries/MobileActivation/install/TempContent/Objects/MobileActivation.build/mobileactivationdMacOS.build/Objects-normal/arm64e/GestaltHlpr.o\n- /AppleInternal/Library/BuildRoots/d187755d-b9a3-11ef-83e5-aabfac210453/Library/Caches/com.apple.xbs/Binaries/MobileActivation/install/TempContent/Objects/MobileActivation.build/mobileactivationdMacOS.build/Objects-normal/arm64e/MobileActivationError.o\n- /AppleInternal/Library/BuildRoots/d187755d-b9a3-11ef-83e5-aabfac210453/Library/Caches/com.apple.xbs/Binaries/MobileActivation/install/TempContent/Objects/MobileActivation.build/mobileactivationdMacOS.build/Objects-normal/arm64e/MobileActivationErrorPrivate.o\n- /AppleInternal/Library/BuildRoots/d187755d-b9a3-11ef-83e5-aabfac210453/Library/Caches/com.apple.xbs/Binaries/MobileActivation/install/TempContent/Objects/MobileActivation.build/mobileactivationdMacOS.build/Objects-normal/arm64e/NSDateFormatter+MobileActivation.o\n- /AppleInternal/Library/BuildRoots/d187755d-b9a3-11ef-83e5-aabfac210453/Library/Caches/com.apple.xbs/Binaries/MobileActivation/install/TempContent/Objects/MobileActivation.build/mobileactivationdMacOS.build/Objects-normal/arm64e/NetworkProvider.o\n- /AppleInternal/Library/BuildRoots/d187755d-b9a3-11ef-83e5-aabfac210453/Library/Caches/com.apple.xbs/Binaries/MobileActivation/install/TempContent/Objects/MobileActivation.build/mobileactivationdMacOS.build/Objects-normal/arm64e/QABAAASMFiOSRootCAPEM.o\n- /AppleInternal/Library/BuildRoots/d187755d-b9a3-11ef-83e5-aabfac210453/Library/Caches/com.apple.xbs/Binaries/MobileActivation/install/TempContent/Objects/MobileActivation.build/mobileactivationdMacOS.build/Objects-normal/arm64e/QABAAMFiRootCAPEM.o\n- /AppleInternal/Library/BuildRoots/d187755d-b9a3-11ef-83e5-aabfac210453/Library/Caches/com.apple.xbs/Binaries/MobileActivation/install/TempContent/Objects/MobileActivation.build/mobileactivationdMacOS.build/Objects-normal/arm64e/QABAASCRTRootCAPEM.o\n- /AppleInternal/Library/BuildRoots/d187755d-b9a3-11ef-83e5-aabfac210453/Library/Caches/com.apple.xbs/Binaries/MobileActivation/install/TempContent/Objects/MobileActivation.build/mobileactivationdMacOS.build/Objects-normal/arm64e/QABAAUCRTRootCAPEM.o\n- /AppleInternal/Library/BuildRoots/d187755d-b9a3-11ef-83e5-aabfac210453/Library/Caches/com.apple.xbs/Binaries/MobileActivation/install/TempContent/Objects/MobileActivation.build/mobileactivationdMacOS.build/Objects-normal/arm64e/QABAAVMRootCAPEM.o\n- /AppleInternal/Library/BuildRoots/d187755d-b9a3-11ef-83e5-aabfac210453/Library/Caches/com.apple.xbs/Binaries/MobileActivation/install/TempContent/Objects/MobileActivation.build/mobileactivationdMacOS.build/Objects-normal/arm64e/QAIphoneActivationPEM.o\n- /AppleInternal/Library/BuildRoots/d187755d-b9a3-11ef-83e5-aabfac210453/Library/Caches/com.apple.xbs/Binaries/MobileActivation/install/TempContent/Objects/MobileActivation.build/mobileactivationdMacOS.build/Objects-normal/arm64e/QAIphoneDeviceCAPEM.o\n- /AppleInternal/Library/BuildRoots/d187755d-b9a3-11ef-83e5-aabfac210453/Library/Caches/com.apple.xbs/Binaries/MobileActivation/install/TempContent/Objects/MobileActivation.build/mobileactivationdMacOS.build/Objects-normal/arm64e/QAUCRTRootCAP384PEM.o\n- /AppleInternal/Library/BuildRoots/d187755d-b9a3-11ef-83e5-aabfac210453/Library/Caches/com.apple.xbs/Binaries/MobileActivation/install/TempContent/Objects/MobileActivation.build/mobileactivationdMacOS.build/Objects-normal/arm64e/QAUCRTRootCAPEM.o\n- /AppleInternal/Library/BuildRoots/d187755d-b9a3-11ef-83e5-aabfac210453/Library/Caches/com.apple.xbs/Binaries/MobileActivation/install/TempContent/Objects/MobileActivation.build/mobileactivationdMacOS.build/Objects-normal/arm64e/QAUCRTSubCAPEM.o\n- /AppleInternal/Library/BuildRoots/d187755d-b9a3-11ef-83e5-aabfac210453/Library/Caches/com.apple.xbs/Binaries/MobileActivation/install/TempContent/Objects/MobileActivation.build/mobileactivationdMacOS.build/Objects-normal/arm64e/RaptorActivationPEM.o\n- /AppleInternal/Library/BuildRoots/d187755d-b9a3-11ef-83e5-aabfac210453/Library/Caches/com.apple.xbs/Binaries/MobileActivation/install/TempContent/Objects/MobileActivation.build/mobileactivationdMacOS.build/Objects-normal/arm64e/RaptorDeviceCAPEM.o\n- /AppleInternal/Library/BuildRoots/d187755d-b9a3-11ef-83e5-aabfac210453/Library/Caches/com.apple.xbs/Binaries/MobileActivation/install/TempContent/Objects/MobileActivation.build/mobileactivationdMacOS.build/Objects-normal/arm64e/UCRTRootCAPEM.o\n- /AppleInternal/Library/BuildRoots/d187755d-b9a3-11ef-83e5-aabfac210453/Library/Caches/com.apple.xbs/Binaries/MobileActivation/install/TempContent/Objects/MobileActivation.build/mobileactivationdMacOS.build/Objects-normal/arm64e/UCRTSubCAPEM.o\n- /AppleInternal/Library/BuildRoots/d187755d-b9a3-11ef-83e5-aabfac210453/Library/Caches/com.apple.xbs/Binaries/MobileActivation/install/TempContent/Objects/MobileActivation.build/mobileactivationdMacOS.build/Objects-normal/arm64e/activationSupportMacOS.o\n- /AppleInternal/Library/BuildRoots/d187755d-b9a3-11ef-83e5-aabfac210453/Library/Caches/com.apple.xbs/Binaries/MobileActivation/install/TempContent/Objects/MobileActivation.build/mobileactivationdMacOS.build/Objects-normal/arm64e/activation_support_shared.o\n- /AppleInternal/Library/BuildRoots/d187755d-b9a3-11ef-83e5-aabfac210453/Library/Caches/com.apple.xbs/Binaries/MobileActivation/install/TempContent/Objects/MobileActivation.build/mobileactivationdMacOS.build/Objects-normal/arm64e/authkit.o\n- /AppleInternal/Library/BuildRoots/d187755d-b9a3-11ef-83e5-aabfac210453/Library/Caches/com.apple.xbs/Binaries/MobileActivation/install/TempContent/Objects/MobileActivation.build/mobileactivationdMacOS.build/Objects-normal/arm64e/baa.o\n- /AppleInternal/Library/BuildRoots/d187755d-b9a3-11ef-83e5-aabfac210453/Library/Caches/com.apple.xbs/Binaries/MobileActivation/install/TempContent/Objects/MobileActivation.build/mobileactivationdMacOS.build/Objects-normal/arm64e/baa_oids.o\n- /AppleInternal/Library/BuildRoots/d187755d-b9a3-11ef-83e5-aabfac210453/Library/Caches/com.apple.xbs/Binaries/MobileActivation/install/TempContent/Objects/MobileActivation.build/mobileactivationdMacOS.build/Objects-normal/arm64e/bridge.o\n- /AppleInternal/Library/BuildRoots/d187755d-b9a3-11ef-83e5-aabfac210453/Library/Caches/com.apple.xbs/Binaries/MobileActivation/install/TempContent/Objects/MobileActivation.build/mobileactivationdMacOS.build/Objects-normal/arm64e/bridge_support.o\n- /AppleInternal/Library/BuildRoots/d187755d-b9a3-11ef-83e5-aabfac210453/Library/Caches/com.apple.xbs/Binaries/MobileActivation/install/TempContent/Objects/MobileActivation.build/mobileactivationdMacOS.build/Objects-normal/arm64e/common.o\n- /AppleInternal/Library/BuildRoots/d187755d-b9a3-11ef-83e5-aabfac210453/Library/Caches/com.apple.xbs/Binaries/MobileActivation/install/TempContent/Objects/MobileActivation.build/mobileactivationdMacOS.build/Objects-normal/arm64e/coretrust.o\n- /AppleInternal/Library/BuildRoots/d187755d-b9a3-11ef-83e5-aabfac210453/Library/Caches/com.apple.xbs/Binaries/MobileActivation/install/TempContent/Objects/MobileActivation.build/mobileactivationdMacOS.build/Objects-normal/arm64e/crypto.o\n- /AppleInternal/Library/BuildRoots/d187755d-b9a3-11ef-83e5-aabfac210453/Library/Caches/com.apple.xbs/Binaries/MobileActivation/install/TempContent/Objects/MobileActivation.build/mobileactivationdMacOS.build/Objects-normal/arm64e/data_ark.o\n- /AppleInternal/Library/BuildRoots/d187755d-b9a3-11ef-83e5-aabfac210453/Library/Caches/com.apple.xbs/Binaries/MobileActivation/install/TempContent/Objects/MobileActivation.build/mobileactivationdMacOS.build/Objects-normal/arm64e/device_tree.o\n- /AppleInternal/Library/BuildRoots/d187755d-b9a3-11ef-83e5-aabfac210453/Library/Caches/com.apple.xbs/Binaries/MobileActivation/install/TempContent/Objects/MobileActivation.build/mobileactivationdMacOS.build/Objects-normal/arm64e/dsp.o\n- /AppleInternal/Library/BuildRoots/d187755d-b9a3-11ef-83e5-aabfac210453/Library/Caches/com.apple.xbs/Binaries/MobileActivation/install/TempContent/Objects/MobileActivation.build/mobileactivationdMacOS.build/Objects-normal/arm64e/findmy.o\n- /AppleInternal/Library/BuildRoots/d187755d-b9a3-11ef-83e5-aabfac210453/Library/Caches/com.apple.xbs/Binaries/MobileActivation/install/TempContent/Objects/MobileActivation.build/mobileactivationdMacOS.build/Objects-normal/arm64e/iPhoneActivationPEM.o\n- /AppleInternal/Library/BuildRoots/d187755d-b9a3-11ef-83e5-aabfac210453/Library/Caches/com.apple.xbs/Binaries/MobileActivation/install/TempContent/Objects/MobileActivation.build/mobileactivationdMacOS.build/Objects-normal/arm64e/iPhoneCAPEM.o\n- /AppleInternal/Library/BuildRoots/d187755d-b9a3-11ef-83e5-aabfac210453/Library/Caches/com.apple.xbs/Binaries/MobileActivation/install/TempContent/Objects/MobileActivation.build/mobileactivationdMacOS.build/Objects-normal/arm64e/iPhoneDeviceCAPEM.o\n- /AppleInternal/Library/BuildRoots/d187755d-b9a3-11ef-83e5-aabfac210453/Library/Caches/com.apple.xbs/Binaries/MobileActivation/install/TempContent/Objects/MobileActivation.build/mobileactivationdMacOS.build/Objects-normal/arm64e/identity_support.o\n- /AppleInternal/Library/BuildRoots/d187755d-b9a3-11ef-83e5-aabfac210453/Library/Caches/com.apple.xbs/Binaries/MobileActivation/install/TempContent/Objects/MobileActivation.build/mobileactivationdMacOS.build/Objects-normal/arm64e/keylist.o\n- /AppleInternal/Library/BuildRoots/d187755d-b9a3-11ef-83e5-aabfac210453/Library/Caches/com.apple.xbs/Binaries/MobileActivation/install/TempContent/Objects/MobileActivation.build/mobileactivationdMacOS.build/Objects-normal/arm64e/libaks_keymanagement.o\n- /AppleInternal/Library/BuildRoots/d187755d-b9a3-11ef-83e5-aabfac210453/Library/Caches/com.apple.xbs/Binaries/MobileActivation/install/TempContent/Objects/MobileActivation.build/mobileactivationdMacOS.build/Objects-normal/arm64e/log.o\n- /AppleInternal/Library/BuildRoots/d187755d-b9a3-11ef-83e5-aabfac210453/Library/Caches/com.apple.xbs/Binaries/MobileActivation/install/TempContent/Objects/MobileActivation.build/mobileactivationdMacOS.build/Objects-normal/arm64e/main.o\n- /AppleInternal/Library/BuildRoots/d187755d-b9a3-11ef-83e5-aabfac210453/Library/Caches/com.apple.xbs/Binaries/MobileActivation/install/TempContent/Objects/MobileActivation.build/mobileactivationdMacOS.build/Objects-normal/arm64e/mobileactivationdMacOS.o\n- /AppleInternal/Library/BuildRoots/d187755d-b9a3-11ef-83e5-aabfac210453/Library/Caches/com.apple.xbs/Binaries/MobileActivation/install/TempContent/Objects/MobileActivation.build/mobileactivationdMacOS.build/Objects-normal/arm64e/msu_data_accessor.o\n- /AppleInternal/Library/BuildRoots/d187755d-b9a3-11ef-83e5-aabfac210453/Library/Caches/com.apple.xbs/Binaries/MobileActivation/install/TempContent/Objects/MobileActivation.build/mobileactivationdMacOS.build/Objects-normal/arm64e/path_support_shared.o\n- /AppleInternal/Library/BuildRoots/d187755d-b9a3-11ef-83e5-aabfac210453/Library/Caches/com.apple.xbs/Binaries/MobileActivation/install/TempContent/Objects/MobileActivation.build/mobileactivationdMacOS.build/Objects-normal/arm64e/requests.o\n- /AppleInternal/Library/BuildRoots/d187755d-b9a3-11ef-83e5-aabfac210453/Library/Caches/com.apple.xbs/Binaries/MobileActivation/install/TempContent/Objects/MobileActivation.build/mobileactivationdMacOS.build/Objects-normal/arm64e/requests_network.o\n- /AppleInternal/Library/BuildRoots/d187755d-b9a3-11ef-83e5-aabfac210453/Library/Caches/com.apple.xbs/Binaries/MobileActivation/install/TempContent/Objects/MobileActivation.build/mobileactivationdMacOS.build/Objects-normal/arm64e/requests_support.o\n- /AppleInternal/Library/BuildRoots/d187755d-b9a3-11ef-83e5-aabfac210453/Library/Caches/com.apple.xbs/Binaries/MobileActivation/install/TempContent/Objects/MobileActivation.build/mobileactivationdMacOS.build/Objects-normal/arm64e/root_certificates.o\n- /AppleInternal/Library/BuildRoots/d187755d-b9a3-11ef-83e5-aabfac210453/Library/Caches/com.apple.xbs/Binaries/MobileActivation/install/TempContent/Objects/MobileActivation.build/mobileactivationdMacOS.build/Objects-normal/arm64e/security_keymanagement.o\n- /AppleInternal/Library/BuildRoots/d187755d-b9a3-11ef-83e5-aabfac210453/Library/Caches/com.apple.xbs/Binaries/MobileActivation/install/TempContent/Objects/MobileActivation.build/mobileactivationdMacOS.build/Objects-normal/arm64e/signpost.o\n- /AppleInternal/Library/BuildRoots/d187755d-b9a3-11ef-83e5-aabfac210453/Library/Caches/com.apple.xbs/Binaries/MobileActivation/install/TempContent/Objects/MobileActivation.build/mobileactivationdMacOS.build/Objects-normal/arm64e/splunk_logging.o\n- /AppleInternal/Library/BuildRoots/d187755d-b9a3-11ef-83e5-aabfac210453/Library/Caches/com.apple.xbs/Binaries/MobileActivation/install/TempContent/Objects/MobileActivation.build/mobileactivationdMacOS.build/Objects-normal/arm64e/vm_host_support.o\n- /AppleInternal/Library/BuildRoots/d187755d-b9a3-11ef-83e5-aabfac210453/Library/Caches/com.apple.xbs/Binaries/MobileActivation/install/TempContent/Objects/MobileActivation.build/mobileactivationdMacOS.build/Objects-normal/arm64e/vm_libavp.o\n- /AppleInternal/Library/BuildRoots/d187755d-b9a3-11ef-83e5-aabfac210453/Library/Caches/com.apple.xbs/Binaries/MobileActivation/install/TempContent/Objects/MobileActivation.build/mobileactivationdMacOS.build/Objects-normal/arm64e/vm_support.o\n- /AppleInternal/Library/BuildRoots/d187755d-b9a3-11ef-83e5-aabfac210453/Library/Caches/com.apple.xbs/Sources/MobileActivation/certs/Activation/PROD/\n- /AppleInternal/Library/BuildRoots/d187755d-b9a3-11ef-83e5-aabfac210453/Library/Caches/com.apple.xbs/Sources/MobileActivation/certs/Activation/QA/\n- /AppleInternal/Library/BuildRoots/d187755d-b9a3-11ef-83e5-aabfac210453/Library/Caches/com.apple.xbs/Sources/MobileActivation/certs/BAA/PROD/\n- /AppleInternal/Library/BuildRoots/d187755d-b9a3-11ef-83e5-aabfac210453/Library/Caches/com.apple.xbs/Sources/MobileActivation/certs/BAA/QA/\n- /AppleInternal/Library/BuildRoots/d187755d-b9a3-11ef-83e5-aabfac210453/Library/Caches/com.apple.xbs/Sources/MobileActivation/certs/UCRT/PROD/\n- /AppleInternal/Library/BuildRoots/d187755d-b9a3-11ef-83e5-aabfac210453/Library/Caches/com.apple.xbs/Sources/MobileActivation/certs/UCRT/QA/\n- /AppleInternal/Library/BuildRoots/d187755d-b9a3-11ef-83e5-aabfac210453/Library/Caches/com.apple.xbs/Sources/MobileActivation/mobileactivationdMacOS/\n- /AppleInternal/Library/BuildRoots/d187755d-b9a3-11ef-83e5-aabfac210453/Library/Caches/com.apple.xbs/Sources/MobileActivation/shared/\n\n```\n"
    }
  }
}