{
  "title": "Diff iPhone13_3 21E236 vs 21E237",
  "kexts": {},
  "ents": "- No differences found\n",
  "dylibs": {},
  "machos": {
    "updated": {
      "/System/Library/PrivateFrameworks/MobileSoftwareUpdate.framework/XPCServices/com.apple.MobileSoftwareUpdate.CleanupPreparePathService.xpc/com.apple.MobileSoftwareUpdate.CleanupPreparePathService": "```diff\n\n-1856.100.79.0.3\n-  __TEXT.__text: 0x21d64\n+1856.102.1.0.0\n+  __TEXT.__text: 0x21e5c\n   __TEXT.__auth_stubs: 0x1400\n   __TEXT.__objc_stubs: 0x34a0\n   __TEXT.__objc_methlist: 0x1284\n\n   __TEXT.__objc_methname: 0x3914\n   __TEXT.__objc_classname: 0x166\n   __TEXT.__objc_methtype: 0xc1b\n-  __TEXT.__unwind_info: 0x6e0\n+  __TEXT.__unwind_info: 0x6e4\n   __DATA_CONST.__auth_got: 0xa10\n   __DATA_CONST.__got: 0x198\n   __DATA_CONST.__auth_ptr: 0x28\n-  __DATA_CONST.__const: 0x910\n+  __DATA_CONST.__const: 0x920\n   __DATA_CONST.__cfstring: 0x8fc0\n   __DATA_CONST.__objc_classlist: 0x90\n   __DATA_CONST.__objc_catlist: 0x8\n\n   - /usr/lib/libc++.1.dylib\n   - /usr/lib/liblzma.5.dylib\n   - /usr/lib/libobjc.A.dylib\n-  UUID: 81B2C550-AAC4-3A4E-AD11-300706245113\n-  Functions: 615\n-  Symbols:   4757\n+  UUID: 664605E7-2527-3040-8B6D-5EF86D894EBD\n+  Functions: 616\n+  Symbols:   4762\n   CStrings:  0\n \nSymbols:\n+ /AppleInternal/Library/BuildRoots/6b1b8477-e40f-11ee-8175-6e9a50d3f268/Applications/Xcode.app/Contents/Developer/Platforms/iPhoneOS.platform/Developer/SDKs/iPhoneOS17.4.Internal.sdk/usr/lib/libUpdateMetrics.a(UMEventCheckpoint.o)\n+ /AppleInternal/Library/BuildRoots/6b1b8477-e40f-11ee-8175-6e9a50d3f268/Applications/Xcode.app/Contents/Developer/Platforms/iPhoneOS.platform/Developer/SDKs/iPhoneOS17.4.Internal.sdk/usr/lib/libUpdateMetrics.a(UMEventCleanup.o)\n+ /AppleInternal/Library/BuildRoots/6b1b8477-e40f-11ee-8175-6e9a50d3f268/Applications/Xcode.app/Contents/Developer/Platforms/iPhoneOS.platform/Developer/SDKs/iPhoneOS17.4.Internal.sdk/usr/lib/libUpdateMetrics.a(UMEventRecorder.o)\n+ /AppleInternal/Library/BuildRoots/6b1b8477-e40f-11ee-8175-6e9a50d3f268/Applications/Xcode.app/Contents/Developer/Platforms/iPhoneOS.platform/Developer/SDKs/iPhoneOS17.4.Internal.sdk/usr/lib/libUpdateMetrics.a(UMEventShim.o)\n+ /AppleInternal/Library/BuildRoots/6b1b8477-e40f-11ee-8175-6e9a50d3f268/Applications/Xcode.app/Contents/Developer/Platforms/iPhoneOS.platform/Developer/SDKs/iPhoneOS17.4.Internal.sdk/usr/lib/libUpdateMetrics.a(UMEventSubmitter.o)\n+ /AppleInternal/Library/BuildRoots/6b1b8477-e40f-11ee-8175-6e9a50d3f268/Applications/Xcode.app/Contents/Developer/Platforms/iPhoneOS.platform/Developer/SDKs/iPhoneOS17.4.Internal.sdk/usr/local/lib/libMSUBootFirmwareUpdater.a(DevNodeWriter.o)\n+ /AppleInternal/Library/BuildRoots/6b1b8477-e40f-11ee-8175-6e9a50d3f268/Applications/Xcode.app/Contents/Developer/Platforms/iPhoneOS.platform/Developer/SDKs/iPhoneOS17.4.Internal.sdk/usr/local/lib/libMSUBootFirmwareUpdater.a(IODualSPIWriter.o)\n+ /AppleInternal/Library/BuildRoots/6b1b8477-e40f-11ee-8175-6e9a50d3f268/Applications/Xcode.app/Contents/Developer/Platforms/iPhoneOS.platform/Developer/SDKs/iPhoneOS17.4.Internal.sdk/usr/local/lib/libMSUBootFirmwareUpdater.a(IOServiceWriter.o)\n+ /AppleInternal/Library/BuildRoots/6b1b8477-e40f-11ee-8175-6e9a50d3f268/Applications/Xcode.app/Contents/Developer/Platforms/iPhoneOS.platform/Developer/SDKs/iPhoneOS17.4.Internal.sdk/usr/local/lib/libMSUBootFirmwareUpdater.a(MSUBootFirmwareError.o)\n+ /AppleInternal/Library/BuildRoots/6b1b8477-e40f-11ee-8175-6e9a50d3f268/Applications/Xcode.app/Contents/Developer/Platforms/iPhoneOS.platform/Developer/SDKs/iPhoneOS17.4.Internal.sdk/usr/local/lib/libMSUBootFirmwareUpdater.a(MSUBootFirmwareUpdater.o)\n+ /AppleInternal/Library/BuildRoots/6b1b8477-e40f-11ee-8175-6e9a50d3f268/Applications/Xcode.app/Contents/Developer/Platforms/iPhoneOS.platform/Developer/SDKs/iPhoneOS17.4.Internal.sdk/usr/local/lib/libRamrodUpdateBrain.a(Image3.o)\n+ /AppleInternal/Library/BuildRoots/6b1b8477-e40f-11ee-8175-6e9a50d3f268/Applications/Xcode.app/Contents/Developer/Platforms/iPhoneOS.platform/Developer/SDKs/iPhoneOS17.4.Internal.sdk/usr/local/lib/libRamrodUpdateBrain.a(ramrod_error.o)\n+ /AppleInternal/Library/BuildRoots/6b1b8477-e40f-11ee-8175-6e9a50d3f268/Applications/Xcode.app/Contents/Developer/Platforms/iPhoneOS.platform/Developer/SDKs/iPhoneOS17.4.Internal.sdk/usr/local/lib/libRamrodUpdateBrain.a(ramrod_iokit_helpers.o)\n+ /AppleInternal/Library/BuildRoots/6b1b8477-e40f-11ee-8175-6e9a50d3f268/Applications/Xcode.app/Contents/Developer/Platforms/iPhoneOS.platform/Developer/SDKs/iPhoneOS17.4.Internal.sdk/usr/local/lib/libRamrodUpdateBrain.a(ramrod_lib.o)\n+ /AppleInternal/Library/BuildRoots/6b1b8477-e40f-11ee-8175-6e9a50d3f268/Applications/Xcode.app/Contents/Developer/Platforms/iPhoneOS.platform/Developer/SDKs/iPhoneOS17.4.Internal.sdk/usr/local/lib/libRamrodUpdateBrain.a(ramrod_log.o)\n+ /AppleInternal/Library/BuildRoots/6b1b8477-e40f-11ee-8175-6e9a50d3f268/Applications/Xcode.app/Contents/Developer/Platforms/iPhoneOS.platform/Developer/SDKs/iPhoneOS17.4.Internal.sdk/usr/local/lib/libRamrodUpdateBrain.a(ramrod_splat.o)\n+ /AppleInternal/Library/BuildRoots/6b1b8477-e40f-11ee-8175-6e9a50d3f268/Applications/Xcode.app/Contents/Developer/Platforms/iPhoneOS.platform/Developer/SDKs/iPhoneOS17.4.Internal.sdk/usr/local/lib/libRamrodUpdateBrain.a(ramrod_ticket.o)\n+ /AppleInternal/Library/BuildRoots/6b1b8477-e40f-11ee-8175-6e9a50d3f268/Applications/Xcode.app/Contents/Developer/Platforms/iPhoneOS.platform/Developer/SDKs/iPhoneOS17.4.Internal.sdk/usr/local/lib/libRamrodUpdateBrain.a(ramrod_update.o)\n+ /AppleInternal/Library/BuildRoots/6b1b8477-e40f-11ee-8175-6e9a50d3f268/Applications/Xcode.app/Contents/Developer/Platforms/iPhoneOS.platform/Developer/SDKs/iPhoneOS17.4.Internal.sdk/usr/local/lib/libpartition.a(AMRestorePartition.o)\n+ /AppleInternal/Library/BuildRoots/6b1b8477-e40f-11ee-8175-6e9a50d3f268/Applications/Xcode.app/Contents/Developer/Platforms/iPhoneOS.platform/Developer/SDKs/iPhoneOS17.4.Internal.sdk/usr/local/lib/libpartition.a(partition.o)\n+ _UMEventCleanupNVRAMInternal\n- /AppleInternal/Library/BuildRoots/2d3303f9-dd50-11ee-ac91-22c3409c8aad/Applications/Xcode.app/Contents/Developer/Platforms/iPhoneOS.platform/Developer/SDKs/iPhoneOS17.4.Internal.sdk/usr/lib/libUpdateMetrics.a(UMEventCheckpoint.o)\n- /AppleInternal/Library/BuildRoots/2d3303f9-dd50-11ee-ac91-22c3409c8aad/Applications/Xcode.app/Contents/Developer/Platforms/iPhoneOS.platform/Developer/SDKs/iPhoneOS17.4.Internal.sdk/usr/lib/libUpdateMetrics.a(UMEventCleanup.o)\n- /AppleInternal/Library/BuildRoots/2d3303f9-dd50-11ee-ac91-22c3409c8aad/Applications/Xcode.app/Contents/Developer/Platforms/iPhoneOS.platform/Developer/SDKs/iPhoneOS17.4.Internal.sdk/usr/lib/libUpdateMetrics.a(UMEventRecorder.o)\n- /AppleInternal/Library/BuildRoots/2d3303f9-dd50-11ee-ac91-22c3409c8aad/Applications/Xcode.app/Contents/Developer/Platforms/iPhoneOS.platform/Developer/SDKs/iPhoneOS17.4.Internal.sdk/usr/lib/libUpdateMetrics.a(UMEventShim.o)\n- /AppleInternal/Library/BuildRoots/2d3303f9-dd50-11ee-ac91-22c3409c8aad/Applications/Xcode.app/Contents/Developer/Platforms/iPhoneOS.platform/Developer/SDKs/iPhoneOS17.4.Internal.sdk/usr/lib/libUpdateMetrics.a(UMEventSubmitter.o)\n- /AppleInternal/Library/BuildRoots/2d3303f9-dd50-11ee-ac91-22c3409c8aad/Applications/Xcode.app/Contents/Developer/Platforms/iPhoneOS.platform/Developer/SDKs/iPhoneOS17.4.Internal.sdk/usr/local/lib/libMSUBootFirmwareUpdater.a(DevNodeWriter.o)\n- /AppleInternal/Library/BuildRoots/2d3303f9-dd50-11ee-ac91-22c3409c8aad/Applications/Xcode.app/Contents/Developer/Platforms/iPhoneOS.platform/Developer/SDKs/iPhoneOS17.4.Internal.sdk/usr/local/lib/libMSUBootFirmwareUpdater.a(IODualSPIWriter.o)\n- /AppleInternal/Library/BuildRoots/2d3303f9-dd50-11ee-ac91-22c3409c8aad/Applications/Xcode.app/Contents/Developer/Platforms/iPhoneOS.platform/Developer/SDKs/iPhoneOS17.4.Internal.sdk/usr/local/lib/libMSUBootFirmwareUpdater.a(IOServiceWriter.o)\n- /AppleInternal/Library/BuildRoots/2d3303f9-dd50-11ee-ac91-22c3409c8aad/Applications/Xcode.app/Contents/Developer/Platforms/iPhoneOS.platform/Developer/SDKs/iPhoneOS17.4.Internal.sdk/usr/local/lib/libMSUBootFirmwareUpdater.a(MSUBootFirmwareError.o)\n- /AppleInternal/Library/BuildRoots/2d3303f9-dd50-11ee-ac91-22c3409c8aad/Applications/Xcode.app/Contents/Developer/Platforms/iPhoneOS.platform/Developer/SDKs/iPhoneOS17.4.Internal.sdk/usr/local/lib/libMSUBootFirmwareUpdater.a(MSUBootFirmwareUpdater.o)\n- /AppleInternal/Library/BuildRoots/2d3303f9-dd50-11ee-ac91-22c3409c8aad/Applications/Xcode.app/Contents/Developer/Platforms/iPhoneOS.platform/Developer/SDKs/iPhoneOS17.4.Internal.sdk/usr/local/lib/libRamrodUpdateBrain.a(Image3.o)\n- /AppleInternal/Library/BuildRoots/2d3303f9-dd50-11ee-ac91-22c3409c8aad/Applications/Xcode.app/Contents/Developer/Platforms/iPhoneOS.platform/Developer/SDKs/iPhoneOS17.4.Internal.sdk/usr/local/lib/libRamrodUpdateBrain.a(ramrod_error.o)\n- /AppleInternal/Library/BuildRoots/2d3303f9-dd50-11ee-ac91-22c3409c8aad/Applications/Xcode.app/Contents/Developer/Platforms/iPhoneOS.platform/Developer/SDKs/iPhoneOS17.4.Internal.sdk/usr/local/lib/libRamrodUpdateBrain.a(ramrod_iokit_helpers.o)\n- /AppleInternal/Library/BuildRoots/2d3303f9-dd50-11ee-ac91-22c3409c8aad/Applications/Xcode.app/Contents/Developer/Platforms/iPhoneOS.platform/Developer/SDKs/iPhoneOS17.4.Internal.sdk/usr/local/lib/libRamrodUpdateBrain.a(ramrod_lib.o)\n- /AppleInternal/Library/BuildRoots/2d3303f9-dd50-11ee-ac91-22c3409c8aad/Applications/Xcode.app/Contents/Developer/Platforms/iPhoneOS.platform/Developer/SDKs/iPhoneOS17.4.Internal.sdk/usr/local/lib/libRamrodUpdateBrain.a(ramrod_log.o)\n- /AppleInternal/Library/BuildRoots/2d3303f9-dd50-11ee-ac91-22c3409c8aad/Applications/Xcode.app/Contents/Developer/Platforms/iPhoneOS.platform/Developer/SDKs/iPhoneOS17.4.Internal.sdk/usr/local/lib/libRamrodUpdateBrain.a(ramrod_splat.o)\n- /AppleInternal/Library/BuildRoots/2d3303f9-dd50-11ee-ac91-22c3409c8aad/Applications/Xcode.app/Contents/Developer/Platforms/iPhoneOS.platform/Developer/SDKs/iPhoneOS17.4.Internal.sdk/usr/local/lib/libRamrodUpdateBrain.a(ramrod_ticket.o)\n- /AppleInternal/Library/BuildRoots/2d3303f9-dd50-11ee-ac91-22c3409c8aad/Applications/Xcode.app/Contents/Developer/Platforms/iPhoneOS.platform/Developer/SDKs/iPhoneOS17.4.Internal.sdk/usr/local/lib/libRamrodUpdateBrain.a(ramrod_update.o)\n- /AppleInternal/Library/BuildRoots/2d3303f9-dd50-11ee-ac91-22c3409c8aad/Applications/Xcode.app/Contents/Developer/Platforms/iPhoneOS.platform/Developer/SDKs/iPhoneOS17.4.Internal.sdk/usr/local/lib/libpartition.a(AMRestorePartition.o)\n- /AppleInternal/Library/BuildRoots/2d3303f9-dd50-11ee-ac91-22c3409c8aad/Applications/Xcode.app/Contents/Developer/Platforms/iPhoneOS.platform/Developer/SDKs/iPhoneOS17.4.Internal.sdk/usr/local/lib/libpartition.a(partition.o)\n\n```\n"
    }
  }
}