{
  "title": "Diff iPhone13_3 22C152 vs 22C161",
  "kexts": {},
  "ents": "- No differences found\n",
  "dylibs": {
    "updated": {
      "/System/Library/Frameworks/QuickLook.framework/QuickLook": "```diff\n\n-969.3.4.0.0\n+969.3.5.0.0\n   __TEXT.__text: 0xd31c8\n   __TEXT.__auth_stubs: 0x2420\n   __TEXT.__delay_stubs: 0x2c\n\n   __DATA_CONST.__objc_superrefs: 0x288\n   __DATA_CONST.__objc_arraydata: 0x98\n   __AUTH_CONST.__auth_got: 0x1228\n-  __AUTH_CONST.__auth_ptr: 0x640\n+  __AUTH_CONST.__auth_ptr: 0x600\n   __AUTH_CONST.__const: 0x3048\n   __AUTH_CONST.__cfstring: 0x2f80\n   __AUTH_CONST.__objc_const: 0x15420\n\n   - /usr/lib/swift/libswiftsimd.dylib\n   - /usr/lib/swift/libswiftsys_time.dylib\n   - /usr/lib/swift/libswiftunistd.dylib\n-  UUID: 299ED81C-DA28-3B16-A48A-EF61803FBF63\n+  UUID: 6AEA76C8-2294-30AA-AA6A-24830BB6A80C\n   Functions: 5462\n   Symbols:   13856\n   CStrings:  0\n\n```\n",
      "/System/Library/PrivateFrameworks/ChatKit.framework/ChatKit": "```diff\n\n-1402.300.181.2.20\n-  __TEXT.__text: 0x8977e8\n+1402.300.181.2.21\n+  __TEXT.__text: 0x897694\n   __TEXT.__auth_stubs: 0x8b80\n   __TEXT.__delay_helper: 0x190\n   __TEXT.__objc_methlist: 0x5c760\n   __TEXT.__const: 0x1b674\n-  __TEXT.__gcc_except_tab: 0x26184\n+  __TEXT.__gcc_except_tab: 0x2613c\n   __TEXT.__cstring: 0x41909\n   __TEXT.__oslogstring: 0x3d96b\n   __TEXT.__dlopen_cstrs: 0xa79\n\n   __TEXT.__swift5_types: 0x9c8\n   __TEXT.__swift5_protos: 0x80\n   __TEXT.__swift5_mpenum: 0x18\n-  __TEXT.__unwind_info: 0x24728\n+  __TEXT.__unwind_info: 0x24720\n   __TEXT.__eh_frame: 0x62f0\n   __TEXT.__objc_classname: 0xb197\n   __TEXT.__objc_methname: 0xfa3d5\n\n   __DATA_CONST.__objc_superrefs: 0x19a0\n   __DATA_CONST.__objc_arraydata: 0x1040\n   __AUTH_CONST.__auth_got: 0x45d0\n-  __AUTH_CONST.__auth_ptr: 0x33d8\n+  __AUTH_CONST.__auth_ptr: 0x3380\n   __AUTH_CONST.__const: 0x264f0\n   __AUTH_CONST.__cfstring: 0x24300\n   __AUTH_CONST.__objc_const: 0xa43c8\n\n   - /usr/lib/swift/libswiftsimd.dylib\n   - /usr/lib/swift/libswiftsys_time.dylib\n   - /usr/lib/swift/libswiftunistd.dylib\n-  UUID: 729639FD-827F-3909-BD29-5DE9E25780ED\n-  Functions: 53368\n-  Symbols:   128702\n+  UUID: 508DA8C8-9BB8-34AB-BC87-D39BA7B34DF3\n+  Functions: 53367\n+  Symbols:   128700\n   CStrings:  0\n \nSymbols:\n- ___73-[CKMovieMediaObject generateThumbnailFillToSize:contentAlignmentInsets:]_block_invoke\n\n```\n",
      "/System/Library/PrivateFrameworks/CoreCDPInternal.framework/CoreCDPInternal": "```diff\n\n-386.231.0.0.0\n-  __TEXT.__text: 0x8ec04\n-  __TEXT.__auth_stubs: 0x11d0\n-  __TEXT.__objc_methlist: 0x44cc\n-  __TEXT.__const: 0x730\n-  __TEXT.__oslogstring: 0x13768\n-  __TEXT.__cstring: 0x7705\n+386.231.1.0.0\n+  __TEXT.__text: 0x8dacc\n+  __TEXT.__auth_stubs: 0x1130\n+  __TEXT.__objc_methlist: 0x4474\n+  __TEXT.__const: 0x720\n+  __TEXT.__oslogstring: 0x13538\n+  __TEXT.__cstring: 0x7675\n   __TEXT.__gcc_except_tab: 0xbac\n   __TEXT.__dlopen_cstrs: 0xb0\n   __TEXT.__swift5_typeref: 0x301\n\n   __TEXT.__swift5_proto: 0x40\n   __TEXT.__swift5_types: 0x20\n   __TEXT.__swift5_capture: 0x1b8\n-  __TEXT.__unwind_info: 0x1cb8\n+  __TEXT.__unwind_info: 0x1c90\n   __TEXT.__eh_frame: 0x8e0\n-  __TEXT.__objc_classname: 0xc8c\n-  __TEXT.__objc_methname: 0xeb7e\n+  __TEXT.__objc_classname: 0xc79\n+  __TEXT.__objc_methname: 0xeb56\n   __TEXT.__objc_methtype: 0x28e1\n   __TEXT.__objc_stubs: 0xbea0\n-  __DATA_CONST.__got: 0x1008\n+  __DATA_CONST.__got: 0x1000\n   __DATA_CONST.__const: 0x2588\n-  __DATA_CONST.__objc_classlist: 0x288\n+  __DATA_CONST.__objc_classlist: 0x280\n   __DATA_CONST.__objc_catlist: 0x40\n-  __DATA_CONST.__objc_protolist: 0x178\n+  __DATA_CONST.__objc_protolist: 0x168\n   __DATA_CONST.__objc_imageinfo: 0x8\n-  __DATA_CONST.__objc_selrefs: 0x3530\n-  __DATA_CONST.__objc_protorefs: 0x40\n+  __DATA_CONST.__objc_selrefs: 0x3520\n+  __DATA_CONST.__objc_protorefs: 0x38\n   __DATA_CONST.__objc_superrefs: 0x160\n   __DATA_CONST.__objc_arraydata: 0x78\n-  __AUTH_CONST.__auth_got: 0x8f8\n+  __AUTH_CONST.__auth_got: 0x8a8\n   __AUTH_CONST.__auth_ptr: 0x1d8\n   __AUTH_CONST.__const: 0x9e8\n   __AUTH_CONST.__cfstring: 0x4e60\n-  __AUTH_CONST.__objc_const: 0x11af8\n+  __AUTH_CONST.__objc_const: 0x116c8\n   __AUTH_CONST.__objc_intobj: 0x180\n   __AUTH_CONST.__objc_arrayobj: 0x30\n-  __AUTH.__objc_data: 0x1110\n-  __AUTH.__data: 0x78\n+  __AUTH.__objc_data: 0x10a0\n+  __AUTH.__data: 0x58\n   __DATA.__objc_ivar: 0x3a0\n-  __DATA.__data: 0x1308\n+  __DATA.__data: 0x1288\n   __DATA.__bss: 0x840\n   __DATA.__common: 0x18\n   __DATA_DIRTY.__objc_data: 0x920\n\n   - /usr/lib/swift/libswiftos.dylib\n   - /usr/lib/swift/libswiftsys_time.dylib\n   - /usr/lib/swift/libswiftunistd.dylib\n-  UUID: 55AA7626-BB7C-3FA9-BA81-AF874097C680\n-  Functions: 3027\n-  Symbols:   9826\n+  UUID: 49E3D0DA-2D68-3A8E-9986-7B1A5CB3AB4F\n+  Functions: 3015\n+  Symbols:   9800\n   CStrings:  0\n \nSymbols:\n- -[CDPDManateeStateObserver deviceDidUnlock]\n- _MKBGetDeviceLockState\n- _OBJC_CLASS_$_CDPDUnlockObserver\n- _OBJC_METACLASS_$_CDPDUnlockObserver\n- __DATA_CDPDUnlockObserver\n- __INSTANCE_METHODS_CDPDUnlockObserver\n- __IVARS_CDPDUnlockObserver\n- __METACLASS_DATA_CDPDUnlockObserver\n- __OBJC_$_PROTOCOL_INSTANCE_METHODS_CDPDUnlockListener\n- __OBJC_$_PROTOCOL_METHOD_TYPES_CDPDUnlockListener\n- __OBJC_$_PROTOCOL_REFS_CDPDUnlockListener\n- __OBJC_LABEL_PROTOCOL_$_CDPDUnlockListener\n- __OBJC_PROTOCOL_$_CDPDUnlockListener\n- __PROTOCOLS_CDPDUnlockObserver\n- __PROTOCOLS_CDPDUnlockObserver.2\n- _swift_endAccess\n- _swift_unknownObjectRelease_n\n- _swift_unknownObjectRetain_n\n\n```\n",
      "/System/Library/PrivateFrameworks/IMSharedUtilities.framework/IMSharedUtilities": "```diff\n\n-1402.300.181.2.20\n+1402.300.181.2.21\n   __TEXT.__text: 0x27d2e4\n   __TEXT.__auth_stubs: 0x3e40\n   __TEXT.__objc_methlist: 0x109d8\n\n   __DATA_CONST.__objc_superrefs: 0x530\n   __DATA_CONST.__objc_arraydata: 0x6b0\n   __AUTH_CONST.__auth_got: 0x1f30\n-  __AUTH_CONST.__auth_ptr: 0x1380\n+  __AUTH_CONST.__auth_ptr: 0x1398\n   __AUTH_CONST.__const: 0xd310\n   __AUTH_CONST.__cfstring: 0x19ce0\n   __AUTH_CONST.__objc_const: 0x20f80\n\n   - /usr/lib/swift/libswiftsimd.dylib\n   - /usr/lib/swift/libswiftsys_time.dylib\n   - /usr/lib/swift/libswiftunistd.dylib\n-  UUID: 59814AAE-E111-3861-8BF4-F74AF70840E9\n+  UUID: 49261D6E-811B-3178-B0CA-CAB43F438808\n   Functions: 14194\n   Symbols:   3260\n   CStrings:  0\n\n```\n",
      "/System/Library/PrivateFrameworks/MessagesCloudSync.framework/MessagesCloudSync": "```diff\n\n-1402.300.181.2.20\n+1402.300.181.2.21\n   __TEXT.__text: 0x111e78\n   __TEXT.__auth_stubs: 0x1f20\n   __TEXT.__objc_methlist: 0x610\n\n   __DATA_CONST.__objc_protorefs: 0x88\n   __DATA_CONST.__objc_superrefs: 0x10\n   __AUTH_CONST.__auth_got: 0xf98\n-  __AUTH_CONST.__auth_ptr: 0xa90\n+  __AUTH_CONST.__auth_ptr: 0xaf8\n   __AUTH_CONST.__const: 0x8678\n   __AUTH_CONST.__cfstring: 0x60\n   __AUTH_CONST.__objc_const: 0x2db8\n\n   - /usr/lib/swift/libswiftsimd.dylib\n   - /usr/lib/swift/libswiftsys_time.dylib\n   - /usr/lib/swift/libswiftunistd.dylib\n-  UUID: 31072C9D-1D9D-3E90-A8B6-25F4ED531EC1\n+  UUID: 29C6C406-03D0-3CC2-ACB1-6655FDECBC83\n   Functions: 4198\n   Symbols:   403\n   CStrings:  0\n\n```\n",
      "/System/Library/PrivateFrameworks/MessagesSettingsUI.framework/MessagesSettingsUI": "```diff\n\n-1402.300.181.2.20\n+1402.300.181.2.21\n   __TEXT.__text: 0x2e594\n   __TEXT.__auth_stubs: 0x1200\n   __TEXT.__objc_methlist: 0x11d8\n\n   __DATA_CONST.__objc_superrefs: 0x90\n   __DATA_CONST.__objc_arraydata: 0x28\n   __AUTH_CONST.__auth_got: 0x910\n-  __AUTH_CONST.__auth_ptr: 0x560\n+  __AUTH_CONST.__auth_ptr: 0x578\n   __AUTH_CONST.__const: 0xd70\n   __AUTH_CONST.__cfstring: 0x15c0\n   __AUTH_CONST.__objc_const: 0x3ab8\n\n   - /usr/lib/swift/libswiftsimd.dylib\n   - /usr/lib/swift/libswiftsys_time.dylib\n   - /usr/lib/swift/libswiftunistd.dylib\n-  UUID: 178C8F05-4BA2-3592-910B-85BC2A91E116\n+  UUID: 9DB693A2-8D4E-35C0-9DB5-16D268CD47F3\n   Functions: 1139\n   Symbols:   2297\n   CStrings:  0\n\n```\n",
      "/System/Library/PrivateFrameworks/MessagesSupport.framework/MessagesSupport": "```diff\n\n-1402.300.181.2.20\n+1402.300.181.2.21\n   __TEXT.__text: 0xca8c\n   __TEXT.__auth_stubs: 0xba0\n   __TEXT.__objc_methlist: 0x5c4\n\n   __DATA_CONST.__objc_protorefs: 0x20\n   __DATA_CONST.__objc_superrefs: 0x30\n   __AUTH_CONST.__auth_got: 0x5d8\n-  __AUTH_CONST.__auth_ptr: 0x290\n+  __AUTH_CONST.__auth_ptr: 0x298\n   __AUTH_CONST.__const: 0x400\n   __AUTH_CONST.__cfstring: 0x20\n   __AUTH_CONST.__objc_const: 0x1350\n\n   - /usr/lib/swift/libswiftsimd.dylib\n   - /usr/lib/swift/libswiftsys_time.dylib\n   - /usr/lib/swift/libswiftunistd.dylib\n-  UUID: 7E7DC074-FE32-35B5-BEAB-561F6F43D313\n+  UUID: 5694B4D3-DF49-38F6-99F6-0C00FEC2D232\n   Functions: 422\n   Symbols:   645\n   CStrings:  0\n\n```\n",
      "/System/Library/PrivateFrameworks/SettingsFoundation.framework/SettingsFoundation": "```diff\n\n-1080.2.3.0.0\n-  __TEXT.__text: 0x10ce0\n+1080.2.6.0.0\n+  __TEXT.__text: 0x10d30\n   __TEXT.__auth_stubs: 0x760\n   __TEXT.__objc_methlist: 0x604\n   __TEXT.__const: 0x7f8\n-  __TEXT.__cstring: 0x199b\n+  __TEXT.__cstring: 0x19a7\n   __TEXT.__ustring: 0x78\n   __TEXT.__oslogstring: 0x158c\n   __TEXT.__gcc_except_tab: 0x28\n\n   __DATA_CONST.__objc_imageinfo: 0x8\n   __DATA_CONST.__objc_selrefs: 0x890\n   __DATA_CONST.__objc_superrefs: 0x38\n-  __DATA_CONST.__objc_arraydata: 0x60\n+  __DATA_CONST.__objc_arraydata: 0x88\n   __AUTH_CONST.__auth_got: 0x3c0\n   __AUTH_CONST.__const: 0x460\n-  __AUTH_CONST.__cfstring: 0x2040\n+  __AUTH_CONST.__cfstring: 0x20c0\n   __AUTH_CONST.__objc_const: 0x8b0\n-  __AUTH_CONST.__objc_arrayobj: 0xa8\n+  __AUTH_CONST.__objc_arrayobj: 0xc0\n   __AUTH_CONST.__objc_intobj: 0x48\n   __DATA.__objc_ivar: 0x2c\n   __DATA.__data: 0x28\n\n   - /usr/lib/libMobileGestalt.dylib\n   - /usr/lib/libSystem.B.dylib\n   - /usr/lib/libobjc.A.dylib\n-  UUID: A190A6AC-8008-3FF2-96E3-B37DA5EE646F\n+  UUID: E383D6DD-538B-3B3C-A938-B7AD08375246\n   Functions: 286\n   Symbols:   1173\n   CStrings:  0\nSymbols:\n+ _SFBuiltInRegulatoryImageForModelAndVariant.styleSensitiveImage.309\n+ _SFBuiltInRegulatoryImageForModelAndVariant.styleSensitiveImage.316\n+ ___block_literal_global.258\n+ ___block_literal_global.260\n+ ___block_literal_global.265\n+ ___block_literal_global.267\n+ ___block_literal_global.273\n+ ___block_literal_global.339\n+ ___block_literal_global.355\n+ ___block_literal_global.360\n+ ___block_literal_global.382\n+ ___block_literal_global.390\n+ ___block_literal_global.506\n- _SFBuiltInRegulatoryImageForModelAndVariant.styleSensitiveImage.291\n- _SFBuiltInRegulatoryImageForModelAndVariant.styleSensitiveImage.298\n- ___block_literal_global.240\n- ___block_literal_global.242\n- ___block_literal_global.247\n- ___block_literal_global.249\n- ___block_literal_global.255\n- ___block_literal_global.321\n- ___block_literal_global.337\n- ___block_literal_global.342\n- ___block_literal_global.364\n- ___block_literal_global.372\n- ___block_literal_global.488\n\n```\n"
    }
  },
  "machos": {
    "updated": {
      "/Applications/DiagnosticsReporter.app/DiagnosticsReporter": "```diff\n\n-727.60.31.0.0\n+727.62.1.0.0\n   __TEXT.__text: 0xe0f8\n   __TEXT.__auth_stubs: 0xce0\n   __TEXT.__objc_methlist: 0x180\n\n   __TEXT.__eh_frame: 0x3f8\n   __DATA_CONST.__auth_got: 0x670\n   __DATA_CONST.__got: 0x110\n-  __DATA_CONST.__auth_ptr: 0x210\n+  __DATA_CONST.__auth_ptr: 0x1d0\n   __DATA_CONST.__const: 0x5a0\n   __DATA_CONST.__objc_classlist: 0x38\n   __DATA_CONST.__objc_protolist: 0x38\n\n   - /usr/lib/swift/libswiftsimd.dylib\n   - /usr/lib/swift/libswiftsys_time.dylib\n   - /usr/lib/swift/libswiftunistd.dylib\n-  UUID: 01A218A9-572E-3FF1-BBF6-80F2FBB5549C\n+  UUID: 2004DF5B-CCA8-34BF-B2EE-03C7EB7CAE14\n   Functions: 311\n   Symbols:   330\n   CStrings:  0\n\n```\n",
      "/System/Library/CoreServices/osanalyticshelper": "```diff\n\n-727.60.31.0.0\n-  __TEXT.__text: 0x11c80\n-  __TEXT.__auth_stubs: 0xcc0\n+727.62.1.0.0\n+  __TEXT.__text: 0x11cd8\n+  __TEXT.__auth_stubs: 0xcd0\n   __TEXT.__objc_stubs: 0x2420\n   __TEXT.__objc_methlist: 0x664\n   __TEXT.__const: 0x1ba\n\n   __TEXT.__cstring: 0x1c31\n   __TEXT.__objc_classname: 0x14c\n   __TEXT.__objc_methtype: 0x3c6\n-  __TEXT.__gcc_except_tab: 0x794\n+  __TEXT.__gcc_except_tab: 0x79c\n   __TEXT.__objc_methname: 0x1e01\n   __TEXT.__constg_swiftt: 0x94\n   __TEXT.__swift5_typeref: 0x78\n\n   __TEXT.__swift5_capture: 0x34\n   __TEXT.__swift5_types: 0x4\n   __TEXT.__unwind_info: 0x430\n-  __DATA_CONST.__auth_got: 0x678\n+  __DATA_CONST.__auth_got: 0x680\n   __DATA_CONST.__got: 0x480\n   __DATA_CONST.__auth_ptr: 0x40\n   __DATA_CONST.__const: 0x8e0\n\n   - /usr/lib/swift/libswiftos.dylib\n   - /usr/lib/swift/libswiftsys_time.dylib\n   - /usr/lib/swift/libswiftunistd.dylib\n-  UUID: 28C21D92-0689-3F3F-A4AE-79E776141D43\n+  UUID: 5D325F7D-CE7E-335B-B687-04500452B15A\n   Functions: 272\n-  Symbols:   379\n+  Symbols:   380\n   CStrings:  0\n \nSymbols:\n+ _arc4random_uniform\n\n```\n",
      "/System/Library/Frameworks/Security.framework/XPCServices/TrustedPeersHelper.xpc/TrustedPeersHelper": "```diff\n\n-61439.62.1.0.0\n+61439.62.2.0.0\n   __TEXT.__text: 0x21f38c\n   __TEXT.__auth_stubs: 0x1e70\n   __TEXT.__objc_stubs: 0x2860\n\n   __TEXT.__eh_frame: 0x7050\n   __DATA_CONST.__auth_got: 0xf48\n   __DATA_CONST.__got: 0x848\n-  __DATA_CONST.__auth_ptr: 0x658\n+  __DATA_CONST.__auth_ptr: 0x648\n   __DATA_CONST.__const: 0xfb30\n   __DATA_CONST.__cfstring: 0x1f20\n   __DATA_CONST.__objc_classlist: 0x270\n\n   - /usr/lib/swift/libswiftsimd.dylib\n   - /usr/lib/swift/libswiftsys_time.dylib\n   - /usr/lib/swift/libswiftunistd.dylib\n-  UUID: 55DB2A1D-A6A1-3C22-89B0-083B7DDEA735\n+  UUID: 49E7189B-4F35-3041-A21A-A81A4DCF04D6\n   Functions: 8123\n   Symbols:   497\n   CStrings:  0\n\n```\n",
      "/System/Library/PrivateFrameworks/CoreCDP.framework/cdpd": "```diff\n\n-386.231.0.0.0\n-  __TEXT.__text: 0x24c\n-  __TEXT.__auth_stubs: 0xe0\n+386.231.1.0.0\n+  __TEXT.__text: 0x214\n+  __TEXT.__auth_stubs: 0xd0\n   __TEXT.__objc_stubs: 0xe0\n   __TEXT.__const: 0x30\n   __TEXT.__oslogstring: 0xd\n   __TEXT.__objc_methname: 0x5e\n   __TEXT.__unwind_info: 0x60\n-  __DATA_CONST.__auth_got: 0x78\n-  __DATA_CONST.__got: 0x50\n+  __DATA_CONST.__auth_got: 0x70\n+  __DATA_CONST.__got: 0x48\n   __DATA_CONST.__objc_imageinfo: 0x8\n   __DATA.__objc_selrefs: 0x38\n   - /System/Library/Frameworks/CoreFoundation.framework/CoreFoundation\n\n   - /System/Library/PrivateFrameworks/CoreCDPInternal.framework/CoreCDPInternal\n   - /usr/lib/libSystem.B.dylib\n   - /usr/lib/libobjc.A.dylib\n-  UUID: 6C1C13B3-63F9-3E84-8118-E002420C8A24\n+  UUID: 0852048F-712F-33DD-B876-D3E494C0BB3C\n   Functions: 2\n-  Symbols:   27\n+  Symbols:   25\n   CStrings:  0\n \nSymbols:\n- _OBJC_CLASS_$_CDPDUnlockObserver\n- _objc_release_x23\n\n```\n",
      "/System/Library/PrivateFrameworks/IMCore.framework/imagent.app/imagent": "```diff\n\n-1402.300.181.2.20\n+1402.300.181.2.21\n   __TEXT.__text: 0x47424\n   __TEXT.__auth_stubs: 0x1550\n   __TEXT.__objc_stubs: 0x5800\n\n   __TEXT.__eh_frame: 0x500\n   __DATA_CONST.__auth_got: 0xab8\n   __DATA_CONST.__got: 0x8d8\n-  __DATA_CONST.__auth_ptr: 0x2d0\n+  __DATA_CONST.__auth_ptr: 0x2d8\n   __DATA_CONST.__const: 0x12e0\n   __DATA_CONST.__cfstring: 0x7c0\n   __DATA_CONST.__objc_classlist: 0x100\n\n   - /usr/lib/swift/libswiftsimd.dylib\n   - /usr/lib/swift/libswiftsys_time.dylib\n   - /usr/lib/swift/libswiftunistd.dylib\n-  UUID: 444669B1-6C34-329E-8F40-E201F9DD0117\n+  UUID: B151D8C4-0CA1-3FE8-B673-ECDA55332EDF\n   Functions: 966\n   Symbols:   527\n   CStrings:  0\n\n```\n",
      "/usr/libexec/securityd": "```diff\n\n-61439.62.1.0.0\n-  __TEXT.__text: 0x23075c\n+61439.62.2.0.0\n+  __TEXT.__text: 0x230754\n   __TEXT.__auth_stubs: 0x38c0\n   __TEXT.__objc_stubs: 0x1a4c0\n   __TEXT.__objc_methlist: 0x128e4\n\n   - /usr/lib/libprequelite.dylib\n   - /usr/lib/libsqlite3.dylib\n   - /usr/lib/libz.1.dylib\n-  UUID: 84302102-8AA9-3089-A8CA-69709C8707AA\n+  UUID: 9BCCBC0C-D0AD-39C6-A544-0596BECC5D1A\n   Functions: 9066\n   Symbols:   1451\n   CStrings:  0\n\n```\n"
    }
  }
}