{
  "title": "Diff iPhone13_3 21B74 vs 21B91",
  "kexts": {},
  "ents": "- No differences found\n",
  "dylibs": {
    "updated": {
      "/System/Library/Frameworks/AuthenticationServices.framework/AuthenticationServices": "```diff\n\n-616.2.9.10.10\n-  __TEXT.__text: 0x54c80\n-  __TEXT.__auth_stubs: 0xf60\n-  __TEXT.__objc_methlist: 0x5518\n+616.2.9.10.11\n+  __TEXT.__text: 0x54d68\n+  __TEXT.__auth_stubs: 0xf70\n+  __TEXT.__objc_methlist: 0x5528\n   __TEXT.__cstring: 0x4996\n   __TEXT.__const: 0x714\n   __TEXT.__oslogstring: 0x22ec\n\n   __TEXT.__unwind_info: 0x1c50\n   __TEXT.__eh_frame: 0x1d8\n   __TEXT.__objc_classname: 0x1c25\n-  __TEXT.__objc_methname: 0x1454f\n+  __TEXT.__objc_methname: 0x145af\n   __TEXT.__objc_methtype: 0x4263\n-  __TEXT.__objc_stubs: 0xd7e0\n+  __TEXT.__objc_stubs: 0xd840\n   __DATA_CONST.__got: 0x390\n   __DATA_CONST.__const: 0x1550\n   __DATA_CONST.__objc_classlist: 0x3c0\n   __DATA_CONST.__objc_catlist: 0x58\n   __DATA_CONST.__objc_protolist: 0x1c0\n   __DATA_CONST.__objc_imageinfo: 0x8\n-  __DATA_CONST.__objc_const: 0xafc0\n-  __DATA_CONST.__objc_selrefs: 0x4048\n+  __DATA_CONST.__objc_const: 0xafe0\n+  __DATA_CONST.__objc_selrefs: 0x4060\n   __DATA_CONST.__objc_arraydata: 0x30\n   __AUTH_CONST.__cfstring: 0x3f80\n   __AUTH_CONST.__objc_const: 0x3050\n\n   __AUTH_CONST.__objc_arrayobj: 0x60\n   __AUTH_CONST.__objc_doubleobj: 0x20\n   __AUTH_CONST.__auth_ptr: 0x18\n-  __AUTH_CONST.__auth_got: 0x7c0\n+  __AUTH_CONST.__auth_got: 0x7c8\n   __AUTH.__objc_data: 0x23f0\n   __AUTH.__data: 0x98\n   __DATA.__objc_protorefs: 0x30\n-  __DATA.__objc_classrefs: 0x838\n+  __DATA.__objc_classrefs: 0x840\n   __DATA.__objc_superrefs: 0x2f8\n-  __DATA.__objc_ivar: 0x66c\n+  __DATA.__objc_ivar: 0x670\n   __DATA.__data: 0x15e8\n   __DATA.__bss: 0x6c0\n   __DATA.__common: 0x18\n\n   - /usr/lib/swift/libswift_Concurrency.dylib\n   - /usr/lib/swift/libswiftos.dylib\n   - /usr/lib/swift/libswiftsimd.dylib\n-  UUID: A11F021F-822F-319C-A301-196BADCA1B03\n-  Functions: 2485\n-  Symbols:   8711\n+  UUID: 1F47F1EC-FA4E-3048-95F4-CFF0884568BF\n+  Functions: 2486\n+  Symbols:   8719\n   CStrings:  0\n \nSymbols:\n+ -[ASPasswordAuthenticationPaneViewController viewDidDisappear:]\n+ _OBJC_CLASS_$_UIKeyboardImpl\n+ _OBJC_IVAR_$_ASPasswordAuthenticationPaneViewController._didForceSoftwareKeyboardOn\n+ _UIKeyboardAutomaticIsOnScreen\n+ _objc_msgSend$activeInstance\n+ _objc_msgSend$ejectKeyDown\n+ _objc_msgSend$hardwareKeyboardAvailabilityChanged\n\n```\n",
      "/System/Library/Frameworks/WeatherKit.framework/WeatherKit": "```diff\n\n-484.0.0.0.0\n-  __TEXT.__text: 0x239188\n-  __TEXT.__auth_stubs: 0x2b70\n+484.1.0.0.0\n+  __TEXT.__text: 0x23918c\n+  __TEXT.__auth_stubs: 0x2b80\n   __TEXT.__objc_methlist: 0x14\n   __TEXT.__const: 0x17890\n   __TEXT.__swift5_typeref: 0x5a81\n\n   __AUTH_CONST.__const: 0xec98\n   __AUTH_CONST.__auth_ptr: 0x300\n   __AUTH_CONST.__objc_const: 0x48\n-  __AUTH_CONST.__auth_got: 0x15b8\n+  __AUTH_CONST.__auth_got: 0x15c0\n   __AUTH.__data: 0x470\n   __AUTH.__objc_data: 0x0\n   __DATA.__objc_protorefs: 0x10\n\n   - /usr/lib/swift/libswift_Concurrency.dylib\n   - /usr/lib/swift/libswiftos.dylib\n   - /usr/lib/swift/libswiftsimd.dylib\n-  UUID: 0BD2FC23-7802-3F45-9FC0-02B1CC1A28BA\n+  UUID: FD9F8E84-5AF8-3884-8ACF-9B537E8CD5F4\n   Functions: 14137\n-  Symbols:   7971\n+  Symbols:   7972\n   CStrings:  0\n \nSymbols:\n+ _swift_initStackObject\n\n```\n",
      "/System/Library/PrivateFrameworks/HomeDeviceSetup.framework/HomeDeviceSetup": "```diff\n\n-217.10.10.0.0\n-  __TEXT.__text: 0x4bb94\n+217.11.1.0.0\n+  __TEXT.__text: 0x4bb88\n   __TEXT.__auth_stubs: 0xaa0\n   __TEXT.__objc_methlist: 0x1c70\n   __TEXT.__const: 0x258\n\n   __TEXT.__oslogstring: 0x3bc\n   __TEXT.__unwind_info: 0xb50\n   __TEXT.__objc_classname: 0x21e\n-  __TEXT.__objc_methname: 0x983e\n+  __TEXT.__objc_methname: 0x9826\n   __TEXT.__objc_methtype: 0xe52\n-  __TEXT.__objc_stubs: 0x6340\n+  __TEXT.__objc_stubs: 0x6320\n   __DATA_CONST.__got: 0x100\n   __DATA_CONST.__const: 0x11b8\n   __DATA_CONST.__objc_classlist: 0x58\n\n   __DATA_CONST.__objc_protolist: 0x50\n   __DATA_CONST.__objc_imageinfo: 0x8\n   __DATA_CONST.__objc_const: 0x5888\n-  __DATA_CONST.__objc_selrefs: 0x1eb0\n+  __DATA_CONST.__objc_selrefs: 0x1ea8\n   __DATA_CONST.__objc_arraydata: 0x1c8\n   __AUTH_CONST.__cfstring: 0x3900\n   __AUTH_CONST.__objc_const: 0x540\n\n   - /usr/lib/liblockdown.dylib\n   - /usr/lib/libobjc.A.dylib\n   - /usr/lib/libutil.dylib\n-  UUID: 6DCE9E27-957B-3340-8BA5-CE936B89D66B\n+  UUID: 51B96753-4033-353F-B4D7-207AC656C50F\n   Functions: 1116\n-  Symbols:   4292\n+  Symbols:   4291\n   CStrings:  0\n \nSymbols:\n- _objc_msgSend$setShouldSetupHomePod:\n\n```\n",
      "/System/Library/PrivateFrameworks/MediaExperience.framework/MediaExperience": "```diff\n\n-125.13.1.1.0\n-  __TEXT.__text: 0x18cef0\n+125.13.1.2.0\n+  __TEXT.__text: 0x18ceec\n   __TEXT.__auth_stubs: 0x1db0\n   __TEXT.__objc_methlist: 0x36a4\n-  __TEXT.__cstring: 0x23934\n+  __TEXT.__cstring: 0x2395d\n   __TEXT.__const: 0x1930\n   __TEXT.__gcc_except_tab: 0x1650\n   __TEXT.__oslogstring: 0x2afd7\n   __TEXT.__dlopen_cstrs: 0x503\n-  __TEXT.__unwind_info: 0x3870\n+  __TEXT.__unwind_info: 0x386c\n   __TEXT.__objc_classname: 0x388\n   __TEXT.__objc_methname: 0xf13e\n   __TEXT.__objc_methtype: 0x18bc\n\n   __DATA_CONST.__objc_const: 0x5970\n   __DATA_CONST.__objc_selrefs: 0x2800\n   __DATA_CONST.__objc_arraydata: 0x8\n-  __AUTH_CONST.__cfstring: 0x14dc0\n+  __AUTH_CONST.__cfstring: 0x14e00\n   __AUTH_CONST.__const: 0x32a8\n   __AUTH_CONST.__objc_const: 0xca0\n   __AUTH_CONST.__objc_arrayobj: 0x18\n\n   - /usr/lib/libbsm.0.dylib\n   - /usr/lib/libc++.1.dylib\n   - /usr/lib/libobjc.A.dylib\n-  UUID: 62D13E38-BE48-300F-8961-D678F74CAA02\n+  UUID: D4237346-F8C0-3642-8B9A-E553BAD2510C\n   Functions: 4768\n   Symbols:   15417\n   CStrings:  0\nSymbols:\n+ ___57-[MXSessionManager(Utilities) updateMuteState:muteValue:]_block_invoke.22\n- ___57-[MXSessionManager(Utilities) updateMuteState:muteValue:]_block_invoke.16\n\n```\n",
      "/System/Library/PrivateFrameworks/UIKitCore.framework/UIKitCore": "```diff\n\n-7115.1.109.0.0\n-  __TEXT.__text: 0x1301a9c\n+7115.1.110.0.0\n+  __TEXT.__text: 0x1301a68\n   __TEXT.__auth_stubs: 0x7750\n   __TEXT.__init_offsets: 0x4\n   __TEXT.__objc_methlist: 0x13e14c\n\n   __TEXT.__oslogstring: 0x39e1f\n   __TEXT.__ustring: 0x15a0\n   __TEXT.__objc_const_ax: 0xa68\n-  __TEXT.__unwind_info: 0x50f44\n+  __TEXT.__unwind_info: 0x50f54\n   __TEXT.__eh_frame: 0xe38\n   __TEXT.__objc_classname: 0x2e591\n   __TEXT.__objc_methname: 0x2ad40f\n\n   - /usr/lib/swift/libswift_Concurrency.dylib\n   - /usr/lib/swift/libswiftos.dylib\n   - /usr/lib/swift/libswiftsimd.dylib\n-  UUID: 21555085-B1BB-327D-B244-471F789327C4\n+  UUID: F1A8BD61-9CF2-3054-B622-CB63D6CEB4CB\n   Functions: 130828\n   Symbols:   372789\n   CStrings:  0\nSymbols:\n+ _block_copy_helper.83\n+ _block_descriptor.85\n+ _block_destroy_helper.84\n- _block_copy_helper.58\n- _block_copy_helper.62\n- _block_copy_helper.71\n- _block_copy_helper.81\n- _block_descriptor.60\n- _block_descriptor.64\n- _block_descriptor.73\n- _block_descriptor.83\n- _block_destroy_helper.59\n- _block_destroy_helper.63\n- _block_destroy_helper.72\n- _block_destroy_helper.82\n\n```\n",
      "/System/Library/PrivateFrameworks/WeatherCore.framework/WeatherCore": "```diff\n\n-484.0.0.0.0\n-  __TEXT.__text: 0x17a770\n+484.1.0.0.0\n+  __TEXT.__text: 0x17a808\n   __TEXT.__auth_stubs: 0x3ab0\n   __TEXT.__objc_methlist: 0x554\n   __TEXT.__const: 0x115d4\n\n   __TEXT.__swift5_types: 0x4dc\n   __TEXT.__swift5_capture: 0xe6c\n   __TEXT.__swift5_mpenum: 0x10\n-  __TEXT.__unwind_info: 0x6e04\n-  __TEXT.__eh_frame: 0x74e0\n+  __TEXT.__unwind_info: 0x6e6c\n+  __TEXT.__eh_frame: 0x7540\n   __TEXT.__objc_classname: 0x10b\n   __TEXT.__objc_methname: 0x51d8\n   __TEXT.__objc_methtype: 0xc8d\n\n   - /usr/lib/swift/libswift_Concurrency.dylib\n   - /usr/lib/swift/libswiftos.dylib\n   - /usr/lib/swift/libswiftsimd.dylib\n-  UUID: 84AF4C76-DAA9-34AE-B173-BC3DC0016E72\n-  Functions: 12386\n-  Symbols:   7054\n+  UUID: 13CA18F7-7DDC-3F98-8D65-87F10246CB2D\n+  Functions: 12389\n+  Symbols:   7056\n   CStrings:  0\n \n\n```\n",
      "/System/Library/PrivateFrameworks/WeatherDaemon.framework/WeatherDaemon": "```diff\n\n-484.0.0.0.0\n-  __TEXT.__text: 0x1e7f28\n+484.1.0.0.0\n+  __TEXT.__text: 0x1e8028\n   __TEXT.__auth_stubs: 0x2a70\n   __TEXT.__objc_methlist: 0x520\n   __TEXT.__const: 0xe404\n\n   __TEXT.__swift5_assocty: 0x5d0\n   __TEXT.__swift5_capture: 0x1a04\n   __TEXT.__swift5_mpenum: 0x44\n-  __TEXT.__unwind_info: 0x8718\n-  __TEXT.__eh_frame: 0xaf44\n+  __TEXT.__unwind_info: 0x77dc\n+  __TEXT.__eh_frame: 0xafc4\n   __TEXT.__objc_classname: 0x8f\n   __TEXT.__objc_methname: 0xe92\n   __TEXT.__objc_methtype: 0x566\n\n   - /usr/lib/swift/libswift_Concurrency.dylib\n   - /usr/lib/swift/libswiftos.dylib\n   - /usr/lib/swift/libswiftsimd.dylib\n-  UUID: 1861D5E6-C657-3E65-BF5F-FD30A4EBD526\n-  Functions: 12848\n+  UUID: 37FF9249-F501-3509-A04A-5E2862F37737\n+  Functions: 12851\n   Symbols:   6307\n   CStrings:  0\n \n\n```\n",
      "/System/Library/PrivateFrameworks/WeatherMaps.framework/WeatherMaps": "```diff\n\n-484.0.0.0.0\n-  __TEXT.__text: 0x1d8c08\n+484.1.0.0.0\n+  __TEXT.__text: 0x1d8c1c\n   __TEXT.__auth_stubs: 0x4a40\n   __TEXT.__objc_methlist: 0x1208\n   __TEXT.__const: 0xe574\n\n   __TEXT.__swift5_types: 0x6bc\n   __TEXT.__swift5_capture: 0x1868\n   __TEXT.__swift5_protos: 0x19c\n-  __TEXT.__unwind_info: 0x7488\n+  __TEXT.__unwind_info: 0x747c\n   __TEXT.__eh_frame: 0x902c\n   __TEXT.__objc_classname: 0x1c8\n   __TEXT.__objc_methname: 0x77d9\n\n   - /usr/lib/swift/libswift_Concurrency.dylib\n   - /usr/lib/swift/libswiftos.dylib\n   - /usr/lib/swift/libswiftsimd.dylib\n-  UUID: D015112F-56E9-3B16-A20B-A5ED95D3B7D8\n-  Functions: 12155\n+  UUID: 431CDAB3-A183-360C-AE72-07C5660CC1DE\n+  Functions: 12156\n   Symbols:   7119\n   CStrings:  0\n \n\n```\n",
      "/usr/lib/libPN548_API.dylib": "```diff\n\n-341.9.0.0.0\n+341.10.0.0.0\n   __TEXT.__text: 0x41174\n   __TEXT.__auth_stubs: 0xc60\n-  __TEXT.__cstring: 0x9c9b\n-  __TEXT.__oslogstring: 0x6efb\n+  __TEXT.__cstring: 0x9c9c\n+  __TEXT.__oslogstring: 0x6efc\n   __TEXT.__const: 0x732\n   __TEXT.__unwind_info: 0x560\n   __DATA_CONST.__got: 0x48\n\n   - /usr/lib/libNFC_HAL.dylib\n   - /usr/lib/libSystem.B.dylib\n   - /usr/lib/libnfshared.dylib\n-  UUID: 8A83AF2B-8EF5-3021-9376-2501E923382F\n+  UUID: A2729C79-2F29-3100-B87B-99F6972F01CD\n   Functions: 406\n   Symbols:   319\n   CStrings:  0\n\n```\n"
    }
  },
  "machos": {
    "updated": {
      "/System/Library/Audio/Plug-Ins/HAL/BTAudioHALPlugin.driver/BTAudioHALPlugin": "```diff\n\n-171.11.1.1.1\n-  __TEXT.__text: 0x62514\n+171.11.1.1.4\n+  __TEXT.__text: 0x62518\n   __TEXT.__auth_stubs: 0x10f0\n   __TEXT.__objc_stubs: 0x1260\n   __TEXT.__init_offsets: 0x9c\n\n   - /usr/lib/libc++.1.dylib\n   - /usr/lib/libobjc.A.dylib\n   - /usr/lib/libprotobuf.dylib\n-  UUID: B372AA49-1EE5-3768-9517-293B49A66F8B\n+  UUID: E34C15FB-D910-3731-AFE8-88C6D47FD786\n   Functions: 2274\n   Symbols:   414\n   CStrings:  0\n\n```\n",
      "/private/var/staged_system_apps/Weather.app/PlugIns/WeatherWidget.appex/WeatherWidget": "```diff\n\n-484.0.0.0.0\n-  __TEXT.__text: 0x187408\n+484.1.0.0.0\n+  __TEXT.__text: 0x1873fc\n   __TEXT.__auth_stubs: 0x4230\n   __TEXT.__objc_stubs: 0xc0\n   __TEXT.__objc_methlist: 0x170\n\n   - /usr/lib/swift/libswiftXPC.dylib\n   - /usr/lib/swift/libswiftos.dylib\n   - /usr/lib/swift/libswiftsimd.dylib\n-  UUID: C6756797-D7D7-3180-B56B-5B1987C8DCEF\n+  UUID: 4805DC84-E239-3DA5-A915-6B342FA8FB7C\n   Functions: 5822\n   Symbols:   233\n   CStrings:  0\n\n```\n",
      "/usr/libexec/nfcd": "```diff\n\n-341.9.0.0.0\n+341.10.0.0.0\n   __TEXT.__text: 0x21867c\n   __TEXT.__auth_stubs: 0x16d0\n   __TEXT.__objc_stubs: 0xddc0\n   __TEXT.__objc_methlist: 0x78f0\n   __TEXT.__const: 0xfc0\n   __TEXT.__oslogstring: 0x20756\n-  __TEXT.__cstring: 0x29c51\n+  __TEXT.__cstring: 0x29c52\n   __TEXT.__objc_classname: 0x1782\n   __TEXT.__objc_methname: 0x15e72\n   __TEXT.__objc_methtype: 0x4cc9\n\n   - /usr/lib/libicucore.A.dylib\n   - /usr/lib/libnfshared.dylib\n   - /usr/lib/libobjc.A.dylib\n-  UUID: 520CA98A-2396-3DFB-9EF1-6446BCC1181A\n+  UUID: BFD91C85-4FEB-3A5A-BF30-BAB61E4CD5D7\n   Functions: 3984\n   Symbols:   499\n   CStrings:  0\n\n```\n",
      "/usr/libexec/sharingd": "```diff\n\n-1936.20.66.2.11\n-  __TEXT.__text: 0x583634\n+1936.20.66.2.12\n+  __TEXT.__text: 0x5836a8\n   __TEXT.__auth_stubs: 0x8700\n   __TEXT.__objc_stubs: 0x330c0\n-  __TEXT.__objc_methlist: 0x1b87c\n+  __TEXT.__objc_methlist: 0x1b884\n   __TEXT.__cstring: 0x554b6\n   __TEXT.__objc_methname: 0x46cc0\n-  __TEXT.__oslogstring: 0x1e9bd\n+  __TEXT.__oslogstring: 0x1ea3f\n   __TEXT.__objc_classname: 0x2bff\n   __TEXT.__objc_methtype: 0x9735\n   __TEXT.__const: 0xbb48\n\n   __DATA_CONST.__objc_doubleobj: 0x20\n   __DATA_CONST.__objc_arrayobj: 0x6d8\n   __DATA.__objc_const: 0x3ae80\n-  __DATA.__objc_selrefs: 0xffc8\n+  __DATA.__objc_selrefs: 0xffd0\n   __DATA.__objc_protorefs: 0x220\n   __DATA.__objc_classrefs: 0x1408\n   __DATA.__objc_superrefs: 0x770\n\n   - /usr/lib/swift/libswift_Concurrency.dylib\n   - /usr/lib/swift/libswiftos.dylib\n   - /usr/lib/swift/libswiftsimd.dylib\n-  UUID: ABFFC9BD-476B-3110-97E6-6B1231951627\n-  Functions: 24007\n+  UUID: 4AFD0B02-F578-3E29-82C6-79079F520B3F\n+  Functions: 24008\n   Symbols:   3889\n   CStrings:  0\n \n\n```\n"
    }
  }
}