{
  "title": "Diff iPhone13_3 21A329 vs 21A340",
  "kexts": {
    "updated": {
      "com.apple.kernel": "```diff\n\n-10002.2.11.0.0\n+10002.2.12.0.0\n   __TEXT.__const: 0x350c0\n   __TEXT.__copyio_vectors: 0xf0\n   __TEXT.__cstring: 0x67641\n\n   __DATA_CONST.__kalloc_var: 0x7210\n   __DATA_CONST.__brk_desc: 0x60\n   __TEXT_EXEC.__hib_text: 0xc88\n-  __TEXT_EXEC.__text: 0x74f2f0\n+  __TEXT_EXEC.__text: 0x74f2e8\n   __KLD.__text: 0x1674\n   __PPLTEXT.__text: 0x250b8\n   __PPLDATA_CONST.__const: 0x120\n\n   __PLK_LLVM_COV.__llvm_covmap: 0x0\n   __PLK_LINKEDIT.__data: 0x0\n   __LINKINFO.__symbolsets: 0x442b3\n-  UUID: 572291D8-6714-34AF-97B5-08AD4BE25E25\n+  UUID: FD082AD9-C2F8-3DE8-8AF9-08246D754853\n   Functions: 19155\n   Symbols:   0\n   CStrings:  0\n\n```\n",
      "com.apple.kext.CoreTrust": "```diff\n\n-135.0.0.0.0\n+135.2.1.0.0\n   __TEXT.__const: 0xe80\n   __TEXT.__cstring: 0x52\n-  __TEXT_EXEC.__text: 0x7eb4\n+  __TEXT_EXEC.__text: 0x7f24\n   __TEXT_EXEC.__auth_stubs: 0x0\n   __DATA.__data: 0xd8\n   __DATA.__common: 0x10\n\n   __DATA_CONST.__got: 0x8\n   __DATA_CONST.__auth_ptr: 0x10\n   __DATA_CONST.__const: 0x12a8\n-  UUID: ED356ED2-A349-3D11-94D3-AFC505058EF7\n+  UUID: F5FD589E-8BF7-3ECC-BBCA-B46635010C49\n   Functions: 88\n   Symbols:   0\n   CStrings:  0\n\n```\n"
    }
  },
  "ents": "- No differences found\n",
  "dylibs": {
    "updated": {
      "/System/Library/Frameworks/Accelerate.framework/Frameworks/vecLib.framework/libvDSP.dylib": "```diff\n\n 1041.0.0.0.0\n   __TEXT.__text: 0xe742c\n-  __TEXT.__stubs: 0xa8\n   __TEXT.__auth_stubs: 0x260\n+  __TEXT.__stubs: 0xa8\n   __TEXT.__resolver_help: 0x578\n   __TEXT.__const: 0x47e0\n   __TEXT.__unwind_info: 0x10e8\n\n   - /System/Library/Frameworks/Accelerate.framework/Frameworks/vecLib.framework/libBLAS.dylib\n   - /System/Library/Frameworks/Accelerate.framework/Frameworks/vecLib.framework/libvMisc.dylib\n   - /usr/lib/libSystem.B.dylib\n-  UUID: 7B468999-3FA5-3033-9DA7-300E64C34DBB\n+  UUID: 515C362E-0E2B-383E-89CE-82C1A3854202\n   Functions: 1030\n   Symbols:   510\n   CStrings:  0\n\n```\n",
      "/System/Library/Frameworks/JavaScriptCore.framework/JavaScriptCore": "```diff\n\n-616.1.27.10.13\n-  __TEXT.__text: 0x15bfbd8\n+616.1.27.10.15\n+  __TEXT.__text: 0x15c12f8\n   __TEXT.__auth_stubs: 0x2bd0\n   __TEXT.__objc_methlist: 0x950\n   __TEXT.__const: 0x7d128\n\n   - /usr/lib/libc++.1.dylib\n   - /usr/lib/libicucore.A.dylib\n   - /usr/lib/libobjc.A.dylib\n-  UUID: 522DA0B9-A2C2-3FD5-B7A9-54CB3D2DECBE\n+  UUID: 5FFF3911-D1C4-3AE9-99CD-AA055B8732A6\n   Functions: 36044\n   Symbols:   71969\n   CStrings:  0\n\n```\n",
      "/System/Library/Frameworks/SafariServices.framework/SafariServices": "```diff\n\n-616.1.27.10.13\n-  __TEXT.__text: 0x184d94\n+616.1.27.10.15\n+  __TEXT.__text: 0x1850bc\n   __TEXT.__auth_stubs: 0x1820\n-  __TEXT.__objc_methlist: 0x15138\n+  __TEXT.__objc_methlist: 0x15150\n   __TEXT.__const: 0x3ee8\n-  __TEXT.__cstring: 0x101a0\n+  __TEXT.__cstring: 0x101b3\n   __TEXT.__gcc_except_tab: 0xc894\n-  __TEXT.__oslogstring: 0x85ca\n+  __TEXT.__oslogstring: 0x8628\n   __TEXT.__ustring: 0x33d4\n   __TEXT.__dlopen_cstrs: 0x795\n-  __TEXT.__unwind_info: 0x8a54\n+  __TEXT.__unwind_info: 0x8a50\n   __TEXT.__eh_frame: 0x38\n   __TEXT.__objc_classname: 0x4e6a\n-  __TEXT.__objc_methname: 0x58ead\n+  __TEXT.__objc_methname: 0x58f65\n   __TEXT.__objc_methtype: 0x11fd3\n-  __TEXT.__objc_stubs: 0x36660\n+  __TEXT.__objc_stubs: 0x366c0\n   __DATA_CONST.__got: 0xc90\n-  __DATA_CONST.__const: 0x6af0\n+  __DATA_CONST.__const: 0x6b18\n   __DATA_CONST.__objc_classlist: 0xae8\n   __DATA_CONST.__objc_catlist: 0x168\n   __DATA_CONST.__objc_protolist: 0x848\n   __DATA_CONST.__objc_imageinfo: 0x8\n-  __DATA_CONST.__objc_const: 0x31158\n-  __DATA_CONST.__objc_selrefs: 0x102f0\n+  __DATA_CONST.__objc_const: 0x31198\n+  __DATA_CONST.__objc_selrefs: 0x10308\n   __DATA_CONST.__objc_arraydata: 0x760\n   __AUTH_CONST.__cfstring: 0xe1e0\n   __AUTH_CONST.__const: 0x18d8\n\n   __DATA.__objc_protorefs: 0xe8\n   __DATA.__objc_classrefs: 0x1958\n   __DATA.__objc_superrefs: 0x980\n-  __DATA.__objc_ivar: 0x21cc\n+  __DATA.__objc_ivar: 0x21d4\n   __DATA.__data: 0x6420\n   __DATA.__bss: 0x840\n   __DATA_DIRTY.__objc_data: 0xc80\n\n   - /usr/lib/libcompression.dylib\n   - /usr/lib/libobjc.A.dylib\n   - /usr/lib/libsqlite3.dylib\n-  UUID: 3F9918B9-68C9-3637-B0AC-3DD1343594C3\n-  Functions: 9261\n-  Symbols:   35647\n+  UUID: 0B8D562D-3706-33C1-BD7F-E2CE2395EE9C\n+  Functions: 9265\n+  Symbols:   35661\n   CStrings:  0\n \nSymbols:\n+ -[SFSharedAccountsGroupMemberPickerViewController _cachedIsRecipientEligible:]\n+ -[SFSharedAccountsGroupMemberPickerViewController _fetchEligibilityForRecipient:completionHandler:]\n+ -[SFSharedAccountsGroupMemberPickerViewController _hasEligibilityCachedForRecipient:]\n+ -[SFSharedAccountsGroupMemberPickerViewController _updatePreferredHandleForRecipientIfNecessary:]\n+ _OBJC_IVAR_$_SFSharedAccountsGroupMemberPickerViewController._addressesCurrentlyBeingCheckedForAvailability\n+ _OBJC_IVAR_$_SFSharedAccountsGroupMemberPickerViewController._addressesThatHaveBeenFetched\n+ ___78-[SFSharedAccountsGroupMemberPickerViewController _cachedIsRecipientEligible:]_block_invoke\n+ ___85-[SFSharedAccountsGroupMemberPickerViewController _hasEligibilityCachedForRecipient:]_block_invoke\n+ ___97-[SFSharedAccountsGroupMemberPickerViewController _updatePreferredHandleForRecipientIfNecessary:]_block_invoke\n+ ___99-[SFSharedAccountsGroupMemberPickerViewController _fetchEligibilityForRecipient:completionHandler:]_block_invoke\n+ ___99-[SFSharedAccountsGroupMemberPickerViewController _fetchEligibilityForRecipient:completionHandler:]_block_invoke.34\n+ ___99-[SFSharedAccountsGroupMemberPickerViewController _fetchEligibilityForRecipient:completionHandler:]_block_invoke_2\n+ ___99-[SFSharedAccountsGroupMemberPickerViewController _fetchEligibilityForRecipient:completionHandler:]_block_invoke_2.35\n+ ___99-[SFSharedAccountsGroupMemberPickerViewController _fetchEligibilityForRecipient:completionHandler:]_block_invoke_2.35.cold.1\n+ ___block_descriptor_40_e8_32s_e18_B16\u0001?0\u0001\"NSString\"8ls32l8\n+ ___block_descriptor_72_e8_32s40s48s56s64bs_e34_v24\u0001?0\u0001\"NSDictionary\"8\u0001\"NSError\"16ls32l8s40l8s64l8s48l8s56l8\n+ ___block_descriptor_88_e8_32s40s48s56s64s72s80bs_e5_v8\u0001?0ls32l8s40l8s48l8s80l8s56l8s64l8s72l8\n+ _objc_msgSend$_cachedIsRecipientEligible:\n+ _objc_msgSend$_fetchEligibilityForRecipient:completionHandler:\n+ _objc_msgSend$_hasEligibilityCachedForRecipient:\n+ _objc_msgSend$_updatePreferredHandleForRecipientIfNecessary:\n+ _objc_msgSend$setPreferredRecipient:forRecipient:\n- -[SFSharedAccountsGroupMemberPickerViewController _fetchEligibilityForRecipients:completionHandler:]\n- -[SFSharedAccountsGroupMemberPickerViewController _hasEligibilityCachedForAllRecipients:]\n- ___100-[SFSharedAccountsGroupMemberPickerViewController _fetchEligibilityForRecipients:completionHandler:]_block_invoke\n- ___100-[SFSharedAccountsGroupMemberPickerViewController _fetchEligibilityForRecipients:completionHandler:]_block_invoke_2\n- ___100-[SFSharedAccountsGroupMemberPickerViewController _fetchEligibilityForRecipients:completionHandler:]_block_invoke_3\n- ___100-[SFSharedAccountsGroupMemberPickerViewController _fetchEligibilityForRecipients:completionHandler:]_block_invoke_3.cold.1\n- ___89-[SFSharedAccountsGroupMemberPickerViewController _hasEligibilityCachedForAllRecipients:]_block_invoke\n- ___91-[SFSharedAccountsGroupMemberPickerViewController consumeAutocompleteSearchResults:taskID:]_block_invoke_2\n- ___block_descriptor_56_e8_32s40s48bs_e34_v24\u0001?0\u0001\"NSDictionary\"8\u0001\"NSError\"16ls48l8s32l8s40l8\n- ___block_descriptor_72_e8_32s40s48s56s64bs_e5_v8\u0001?0ls32l8s64l8s40l8s48l8s56l8\n- _objc_msgSend$_fetchEligibilityForRecipients:completionHandler:\n- _objc_msgSend$_hasEligibilityCachedForAllRecipients:\n\n```\n",
      "/System/Library/Frameworks/Security.framework/Security": "```diff\n\n 61040.2.2.0.0\n-  __TEXT.__text: 0x153f70\n+  __TEXT.__text: 0x153fd4\n   __TEXT.__auth_stubs: 0x3a80\n   __TEXT.__objc_methlist: 0x42e4\n   __TEXT.__const: 0x85b2\n\n   - /usr/lib/libcoretls_cfhelpers.dylib\n   - /usr/lib/libobjc.A.dylib\n   - /usr/lib/libsqlite3.dylib\n-  UUID: EC975470-0F7A-3EE5-9D64-8927C70647BC\n+  UUID: F26E6746-906F-37B4-8DEA-BFBE5A8E991F\n   Functions: 6308\n   Symbols:   18268\n   CStrings:  0\n\n```\n",
      "/System/Library/Messages/PlugIns/SMS.imservice/SMS": "```diff\n\n-1261.100.4.2.30\n-  __TEXT.__text: 0x641c8\n+1261.100.4.2.33\n+  __TEXT.__text: 0x641bc\n   __TEXT.__auth_stubs: 0xbc0\n   __TEXT.__objc_methlist: 0x125c\n   __TEXT.__const: 0xa0\n\n   - /System/Library/PrivateFrameworks/SoftLinking.framework/SoftLinking\n   - /usr/lib/libSystem.B.dylib\n   - /usr/lib/libobjc.A.dylib\n-  UUID: 3C5C3AD0-B713-32EA-BD91-C4C5A258B031\n+  UUID: D944503C-D052-312E-B2BC-32AA18F8F1CC\n   Functions: 660\n   Symbols:   425\n   CStrings:  0\n\n```\n",
      "/System/Library/PrivateFrameworks/AppleKeyStore.framework/AppleKeyStore": "```diff\n\n 1555.2.2.0.0\n-  __TEXT.__text: 0x297b0\n+  __TEXT.__text: 0x29808\n   __TEXT.__auth_stubs: 0xd20\n   __TEXT.__const: 0x27b0\n   __TEXT.__cstring: 0x21c0\n\n   - /System/Library/PrivateFrameworks/APFS.framework/APFS\n   - /usr/lib/libMobileGestalt.dylib\n   - /usr/lib/libSystem.B.dylib\n-  UUID: B3C0A383-4626-35C2-B8D7-72A8D2CC1B1E\n+  UUID: ED5207C1-01A0-3BD1-8113-23FBA812551C\n   Functions: 728\n   Symbols:   2044\n   CStrings:  0\n\n```\n",
      "/System/Library/PrivateFrameworks/AuthKit.framework/AuthKit": "```diff\n\n 458.1.1.7.0\n-  __TEXT.__text: 0xab7b0\n+  __TEXT.__text: 0xab808\n   __TEXT.__auth_stubs: 0xd20\n   __TEXT.__objc_methlist: 0x9540\n   __TEXT.__const: 0x1760\n\n   - /usr/lib/libSystem.B.dylib\n   - /usr/lib/libcompression.dylib\n   - /usr/lib/libobjc.A.dylib\n-  UUID: 2DB9A3CA-3F48-326D-B85E-D631CF87BF16\n+  UUID: AE84E63B-0139-3DD0-93F3-14B2FAE70C0C\n   Functions: 5064\n   Symbols:   16439\n   CStrings:  0\n\n```\n",
      "/System/Library/PrivateFrameworks/CoreRepairCore.framework/CoreRepairCore": "```diff\n\n 376.0.3.0.0\n-  __TEXT.__text: 0x4d3c0\n+  __TEXT.__text: 0x4d3e0\n   __TEXT.__auth_stubs: 0x1250\n   __TEXT.__objc_methlist: 0x1e44\n   __TEXT.__const: 0x1178\n\n   - /usr/lib/libobjc.A.dylib\n   - /usr/lib/updaters/libSavageRestoreInfo_iOS.dylib\n   - /usr/lib/updaters/libT200Updater.dylib\n-  UUID: 8EC1E9E5-099A-3F3C-94CB-B6F8114F785B\n+  UUID: 94B4E9F7-8083-3414-B32E-7BCB29BBB5FA\n   Functions: 1523\n   Symbols:   424\n   CStrings:  0\n\n```\n",
      "/System/Library/PrivateFrameworks/IntelligencePlatformCore.framework/IntelligencePlatformCore": "```diff\n\n 75.0.3.2.0\n-  __TEXT.__text: 0xaa27c8\n+  __TEXT.__text: 0xaa3810\n   __TEXT.__auth_stubs: 0x8fa0\n   __TEXT.__objc_methlist: 0x1524\n-  __TEXT.__const: 0x58d89\n+  __TEXT.__const: 0x58d99\n   __TEXT.__swift5_typeref: 0x1958e\n-  __TEXT.__cstring: 0x540c2\n+  __TEXT.__cstring: 0x540d2\n   __TEXT.__constg_swiftt: 0x1e0b4\n   __TEXT.__swift5_reflstr: 0x2310c\n   __TEXT.__swift5_fieldmd: 0x1e1d4\n\n   __TEXT.__gcc_except_tab: 0xe8\n   __TEXT.__oslogstring: 0x385\n   __TEXT.__dlopen_cstrs: 0xc0\n-  __TEXT.__unwind_info: 0x28d20\n-  __TEXT.__eh_frame: 0x54924\n+  __TEXT.__unwind_info: 0x28d1c\n+  __TEXT.__eh_frame: 0x54964\n   __TEXT.__objc_classname: 0x470\n   __TEXT.__objc_methname: 0x8958\n   __TEXT.__objc_methtype: 0x1f4d\n\n   - /usr/lib/swift/libswift_StringProcessing.dylib\n   - /usr/lib/swift/libswiftos.dylib\n   - /usr/lib/swift/libswiftsimd.dylib\n-  UUID: E0B51C33-86C1-33CE-B0B6-01721651EB0C\n-  Functions: 69897\n+  UUID: 0F42FE58-6F7A-3BD1-B20D-FEFE1BB33786\n+  Functions: 69900\n   Symbols:   755\n   CStrings:  0\n \n\n```\n",
      "/System/Library/PrivateFrameworks/MFAAuthentication.framework/MFAAuthentication": "```diff\n\n 898.2.3.0.0\n-  __TEXT.__text: 0x3d5b8\n+  __TEXT.__text: 0x3d610\n   __TEXT.__auth_stubs: 0xda0\n   __TEXT.__objc_methlist: 0x3b4\n   __TEXT.__const: 0x5e000\n\n   - /usr/lib/libMobileGestalt.dylib\n   - /usr/lib/libSystem.B.dylib\n   - /usr/lib/libobjc.A.dylib\n-  UUID: DD8A3C18-C745-323B-8D71-D515075CC452\n+  UUID: 985AB0F0-AECE-3ABB-BF77-632FE746CA35\n   Functions: 901\n   Symbols:   2570\n   CStrings:  0\n\n```\n",
      "/System/Library/PrivateFrameworks/MobileInBoxUpdate.framework/MobileInBoxUpdate": "```diff\n\n 42.0.0.0.0\n-  __TEXT.__text: 0x1008c\n+  __TEXT.__text: 0x100e4\n   __TEXT.__auth_stubs: 0x5b0\n   __TEXT.__objc_methlist: 0x270\n   __TEXT.__const: 0x12e0\n\n   - /System/Library/PrivateFrameworks/SpringBoardServices.framework/SpringBoardServices\n   - /usr/lib/libSystem.B.dylib\n   - /usr/lib/libobjc.A.dylib\n-  UUID: 2F26E143-4F3B-3D26-8319-7AB4BBFFB6B6\n+  UUID: 27B686BC-112D-35AE-A114-F687939C3493\n   Functions: 273\n   Symbols:   910\n   CStrings:  0\n\n```\n",
      "/System/Library/PrivateFrameworks/PhotosGraph.framework/PhotosGraph": "```diff\n\n 608.1.119.0.0\n-  __TEXT.__text: 0x5f3740\n-  __TEXT.__auth_stubs: 0x3960\n+  __TEXT.__text: 0x5f39bc\n+  __TEXT.__auth_stubs: 0x39d0\n   __TEXT.__objc_methlist: 0x2bff4\n   __TEXT.__const: 0x151b6\n   __TEXT.__swift5_typeref: 0x6464\n\n   __TEXT.__oslogstring: 0x1d51a\n   __TEXT.__ustring: 0x822\n   __TEXT.__dlopen_cstrs: 0x4d\n-  __TEXT.__unwind_info: 0x139c0\n+  __TEXT.__unwind_info: 0x139b0\n   __TEXT.__eh_frame: 0xfe68\n   __TEXT.__objc_classname: 0x8ca8\n   __TEXT.__objc_methname: 0x80ebb\n\n   __AUTH_CONST.__objc_doubleobj: 0x390\n   __AUTH_CONST.__objc_dictobj: 0xa0\n   __AUTH_CONST.__objc_floatobj: 0x40\n-  __AUTH_CONST.__auth_got: 0x1cc8\n+  __AUTH_CONST.__auth_got: 0x1d00\n   __AUTH.__objc_data: 0x96b8\n   __AUTH.__const_weak: 0x70\n   __AUTH.__data: 0xb538\n\n   __DATA.__objc_classrefs: 0x28c8\n   __DATA.__objc_superrefs: 0x15b8\n   __DATA.__objc_ivar: 0x34cc\n-  __DATA.__data: 0x8708\n+  __DATA.__data: 0x8718\n   __DATA.__bss: 0x18f78\n   __DATA.__common: 0x228\n   __DATA_DIRTY.__objc_data: 0xfab0\n\n   - /usr/lib/swift/libswift_Concurrency.dylib\n   - /usr/lib/swift/libswiftos.dylib\n   - /usr/lib/swift/libswiftsimd.dylib\n-  UUID: E3C1CB6C-EB4C-3D77-896E-442E8ADFC026\n-  Functions: 30035\n+  UUID: 0AF104CB-21AB-3534-93F6-EC8B1720F4E7\n+  Functions: 30034\n   Symbols:   59240\n   CStrings:  0\n \n\n```\n",
      "/usr/lib/libcryptex.dylib": "```diff\n\n   __TEXT.__const: 0x6cd\n   __TEXT.__gcc_except_tab: 0x5e0\n   __TEXT.__oslogstring: 0x36c2\n-  __TEXT.__cstring: 0x179d\n+  __TEXT.__cstring: 0x179f\n   __TEXT.__unwind_info: 0x538\n   __TEXT.__objc_classname: 0x140\n   __TEXT.__objc_methname: 0x999\n\n   - /usr/lib/libcryptex_interface.dylib\n   - /usr/lib/libimg4.dylib\n   - /usr/lib/libobjc.A.dylib\n-  UUID: 80634BDE-4718-34A8-AB24-0821E3B9DD69\n+  UUID: 2F927321-4480-3CC1-B3AE-38540EA5EAA7\n   Functions: 549\n   Symbols:   1638\n   CStrings:  0\n\n```\n",
      "/usr/lib/libcryptex_core.dylib": "```diff\n\n   __TEXT.__auth_stubs: 0xd80\n   __TEXT.__objc_methlist: 0x45c\n   __TEXT.__const: 0x90\n-  __TEXT.__cstring: 0x153d\n+  __TEXT.__cstring: 0x153f\n   __TEXT.__oslogstring: 0x1fcd\n   __TEXT.__gcc_except_tab: 0x120\n   __TEXT.__unwind_info: 0x420\n\n   - /usr/lib/libauthinstall.dylib\n   - /usr/lib/libimg4.dylib\n   - /usr/lib/libobjc.A.dylib\n-  UUID: 9C66E765-2859-3D9A-86B9-3EA20C49B3FB\n+  UUID: B8F3837A-ED71-39A2-9C93-98FED07682B1\n   Functions: 446\n   Symbols:   1317\n   CStrings:  0\n\n```\n",
      "/usr/lib/libcryptex_interface.dylib": "```diff\n\n   __TEXT.__auth_stubs: 0x7c0\n   __TEXT.__objc_methlist: 0x110\n   __TEXT.__const: 0xb0\n-  __TEXT.__cstring: 0x81a\n+  __TEXT.__cstring: 0x81c\n   __TEXT.__oslogstring: 0x93e\n   __TEXT.__gcc_except_tab: 0x160\n   __TEXT.__unwind_info: 0x23c\n\n   - /usr/lib/libSystem.B.dylib\n   - /usr/lib/libbsm.0.dylib\n   - /usr/lib/libobjc.A.dylib\n-  UUID: A2631D99-A0E5-3A5C-8767-7C2A8ABA0D88\n+  UUID: 2DCEC254-69CE-31CB-8BBD-BC6CC21E0C5E\n   Functions: 162\n   Symbols:   514\n   CStrings:  0\n\n```\n",
      "/usr/lib/libcryptex_trampoline.dylib": "```diff\n\n   __TEXT.__text: 0x788\n   __TEXT.__auth_stubs: 0x110\n   __TEXT.__const: 0x58\n-  __TEXT.__cstring: 0x1dd\n+  __TEXT.__cstring: 0x1df\n   __TEXT.__oslogstring: 0x104\n   __TEXT.__unwind_info: 0x74\n   __DATA_CONST.__got: 0x10\n\n   __DATA.__bss: 0x10\n   - /usr/lib/libSystem.B.dylib\n   - /usr/lib/libcryptex_interface.dylib\n-  UUID: 8E2C0C85-A57F-38F5-8399-ED9C22A15E1B\n+  UUID: 7713CDAA-8B00-3223-A67B-1512417A0124\n   Functions: 11\n   Symbols:   52\n   CStrings:  0\n\n```\n",
      "/usr/lib/libimg4.dylib": "```diff\n\n 245.0.0.0.0\n-  __TEXT.__text: 0x21a7c\n+  __TEXT.__text: 0x21ae4\n   __TEXT.__auth_stubs: 0x6a0\n   __TEXT.__const: 0x84b8\n   __TEXT.__cstring: 0x336e\n   __TEXT.__oslogstring: 0x819\n-  __TEXT.__unwind_info: 0x748\n+  __TEXT.__unwind_info: 0x744\n   __DATA_CONST.__got: 0x28\n   __DATA_CONST.__const: 0x3ad0\n   __DATA_CONST.__img4_rt: 0x18\n\n   - /System/Library/Frameworks/CoreFoundation.framework/CoreFoundation\n   - /System/Library/Frameworks/IOKit.framework/Versions/A/IOKit\n   - /usr/lib/libSystem.B.dylib\n-  UUID: C2F7A327-3163-38C2-A87B-DDB2624C76DE\n+  UUID: 67E9C04A-7FFF-3C66-925B-6ABFC468C159\n   Functions: 776\n   Symbols:   2450\n   CStrings:  0\n\n```\n"
    }
  },
  "machos": {
    "updated": {
      "/System/Library/PrivateFrameworks/IMCore.framework/imagent.app/imagent": "```diff\n\n-1261.100.4.2.30\n+1261.100.4.2.33\n   __TEXT.__text: 0x7ed50\n   __TEXT.__auth_stubs: 0x1670\n   __TEXT.__objc_stubs: 0x7480\n   __TEXT.__objc_methlist: 0x27e8\n   __TEXT.__const: 0xdd4\n   __TEXT.__gcc_except_tab: 0x6b3c\n-  __TEXT.__cstring: 0x8021\n+  __TEXT.__cstring: 0x8011\n   __TEXT.__oslogstring: 0x6a54\n   __TEXT.__objc_methname: 0xe684\n   __TEXT.__objc_classname: 0x8cb\n\n   - /usr/lib/swift/libswift_Concurrency.dylib\n   - /usr/lib/swift/libswiftos.dylib\n   - /usr/lib/swift/libswiftsimd.dylib\n-  UUID: CF93E4F4-DB8E-39CD-A879-A40FCF0DAB34\n+  UUID: F55AF9F2-7D87-3C5B-9DDC-71AB56445C2C\n   Functions: 1374\n   Symbols:   574\n   CStrings:  0\n\n```\n",
      "/private/var/staged_system_apps/Maps.app/Maps": "```diff\n\n 0.0.0.0.0\n-  __TEXT.__text: 0xc1131c\n+  __TEXT.__text: 0xc11170\n   __TEXT.__auth_stubs: 0x6c10\n-  __TEXT.__objc_stubs: 0xed360\n-  __TEXT.__objc_methlist: 0xa33c4\n+  __TEXT.__objc_stubs: 0xed340\n+  __TEXT.__objc_methlist: 0xa33bc\n   __TEXT.__const: 0xd348\n-  __TEXT.__objc_methname: 0x164c18\n+  __TEXT.__objc_methname: 0x164bfb\n   __TEXT.__swift5_typeref: 0x116ca\n   __TEXT.__cstring: 0x866ba\n   __TEXT.__constg_swiftt: 0x57a8\n\n   __TEXT.__swift5_proto: 0x424\n   __TEXT.__swift5_types: 0x498\n   __TEXT.__objc_classname: 0x1cd09\n-  __TEXT.__objc_methtype: 0x37f86\n+  __TEXT.__objc_methtype: 0x37f92\n   __TEXT.__swift5_mpenum: 0x68\n   __TEXT.__swift5_protos: 0x24\n-  __TEXT.__oslogstring: 0x50b64\n+  __TEXT.__oslogstring: 0x50b5d\n   __TEXT.__gcc_except_tab: 0x14290\n   __TEXT.__ustring: 0x156c\n   __TEXT.__dlopen_cstrs: 0x13b\n-  __TEXT.__unwind_info: 0x2e010\n+  __TEXT.__unwind_info: 0x2dff8\n   __DATA_CONST.__auth_got: 0x3618\n   __DATA_CONST.__got: 0x25a0\n   __DATA_CONST.__auth_ptr: 0x280\n\n   __DATA_CONST.__objc_dictobj: 0x730\n   __DATA_CONST.__objc_doubleobj: 0x5b0\n   __DATA_CONST.__objc_floatobj: 0x150\n-  __DATA.__objc_const: 0x171f10\n-  __DATA.__objc_selrefs: 0x45668\n+  __DATA.__objc_const: 0x171ef0\n+  __DATA.__objc_selrefs: 0x45660\n   __DATA.__objc_protorefs: 0x988\n   __DATA.__objc_classrefs: 0x7740\n   __DATA.__objc_superrefs: 0x47f8\n\n   - /usr/lib/swift/libswift_Concurrency.dylib\n   - /usr/lib/swift/libswiftos.dylib\n   - /usr/lib/swift/libswiftsimd.dylib\n-  UUID: 26F78D31-093A-38BD-A27F-7FEB2249EEFB\n-  Functions: 70021\n+  UUID: DB758BD6-84C9-3843-A309-1FABCBE1E7F0\n+  Functions: 70019\n   Symbols:   4532\n   CStrings:  0\n \n\n```\n",
      "/usr/libexec/cryptexd": "```diff\n\n   __TEXT.__objc_methname: 0x15ae\n   __TEXT.__objc_classname: 0xf8\n   __TEXT.__objc_methtype: 0x3ae\n-  __TEXT.__cstring: 0x2202\n+  __TEXT.__cstring: 0x2204\n   __TEXT.__oslogstring: 0x724b\n   __TEXT.__unwind_info: 0x910\n   __DATA_CONST.__auth_got: 0xe08\n\n   - /usr/lib/libimg4.dylib\n   - /usr/lib/libobjc.A.dylib\n   - /usr/lib/libsandbox.1.dylib\n-  UUID: E70F174D-B34B-3A7B-A384-B26439718554\n+  UUID: F3E483C9-B4BD-3139-A6E9-72BD255EB4B8\n   Functions: 903\n   Symbols:   534\n   CStrings:  0\n\n```\n",
      "/usr/libexec/inboxupdaterd": "```diff\n\n 42.0.0.0.0\n-  __TEXT.__text: 0x42414\n+  __TEXT.__text: 0x4246c\n   __TEXT.__auth_stubs: 0xad0\n   __TEXT.__objc_stubs: 0x4220\n   __TEXT.__objc_methlist: 0x192c\n\n   - /usr/lib/libSystem.B.dylib\n   - /usr/lib/libamsupport.dylib\n   - /usr/lib/libobjc.A.dylib\n-  UUID: 9F339957-C077-364D-B1BC-70FA86A7B65F\n+  UUID: F2E94FDF-1975-3437-A99D-76E71DB4D823\n   Functions: 1845\n   Symbols:   261\n   CStrings:  0\n\n```\n",
      "/usr/libexec/mobileactivationd": "```diff\n\n 898.0.10.0.0\n-  __TEXT.__text: 0x1e85f4\n+  __TEXT.__text: 0x1e864c\n   __TEXT.__auth_stubs: 0x1040\n   __TEXT.__objc_stubs: 0x2d20\n   __TEXT.__objc_methlist: 0x9f4\n\n   - /usr/lib/libSystem.B.dylib\n   - /usr/lib/liblockdown.dylib\n   - /usr/lib/libobjc.A.dylib\n-  UUID: B19B8A52-4D4E-35F2-9F2A-8D1F948CC002\n+  UUID: C7843DD1-22F2-3326-A2FE-F52CB171D5DF\n   Functions: 1221\n   Symbols:   8751\n   CStrings:  0\nSymbols:\n+ /AppleInternal/Library/BuildRoots/0c82dae5-52ea-11ee-a2fd-0697ca55970a/Applications/Xcode.app/Contents/Developer/Platforms/iPhoneOS.platform/Developer/SDKs/iPhoneOS17.0.Internal.sdk/usr/local/lib/amd/libDER.a(DER_Decode.o)\n+ /AppleInternal/Library/BuildRoots/0c82dae5-52ea-11ee-a2fd-0697ca55970a/Applications/Xcode.app/Contents/Developer/Platforms/iPhoneOS.platform/Developer/SDKs/iPhoneOS17.0.Internal.sdk/usr/local/lib/libCoreTrust.a(CMS.o)\n+ /AppleInternal/Library/BuildRoots/0c82dae5-52ea-11ee-a2fd-0697ca55970a/Applications/Xcode.app/Contents/Developer/Platforms/iPhoneOS.platform/Developer/SDKs/iPhoneOS17.0.Internal.sdk/usr/local/lib/libCoreTrust.a(CTEvaluate.o)\n+ /AppleInternal/Library/BuildRoots/0c82dae5-52ea-11ee-a2fd-0697ca55970a/Applications/Xcode.app/Contents/Developer/Platforms/iPhoneOS.platform/Developer/SDKs/iPhoneOS17.0.Internal.sdk/usr/local/lib/libCoreTrust.a(CryptoUtils.o)\n+ /AppleInternal/Library/BuildRoots/0c82dae5-52ea-11ee-a2fd-0697ca55970a/Applications/Xcode.app/Contents/Developer/Platforms/iPhoneOS.platform/Developer/SDKs/iPhoneOS17.0.Internal.sdk/usr/local/lib/libCoreTrust.a(DERUtils.o)\n+ /AppleInternal/Library/BuildRoots/0c82dae5-52ea-11ee-a2fd-0697ca55970a/Applications/Xcode.app/Contents/Developer/Platforms/iPhoneOS.platform/Developer/SDKs/iPhoneOS17.0.Internal.sdk/usr/local/lib/libCoreTrust.a(X509Certificate.o)\n+ /AppleInternal/Library/BuildRoots/0c82dae5-52ea-11ee-a2fd-0697ca55970a/Applications/Xcode.app/Contents/Developer/Platforms/iPhoneOS.platform/Developer/SDKs/iPhoneOS17.0.Internal.sdk/usr/local/lib/libCoreTrust.a(X509Chain.o)\n+ /AppleInternal/Library/BuildRoots/0c82dae5-52ea-11ee-a2fd-0697ca55970a/Applications/Xcode.app/Contents/Developer/Platforms/iPhoneOS.platform/Developer/SDKs/iPhoneOS17.0.Internal.sdk/usr/local/lib/libCoreTrust.a(X509Policy.o)\n+ /AppleInternal/Library/BuildRoots/0c82dae5-52ea-11ee-a2fd-0697ca55970a/Applications/Xcode.app/Contents/Developer/Platforms/iPhoneOS.platform/Developer/SDKs/iPhoneOS17.0.Internal.sdk/usr/local/lib/libaks.a(acl_keys.o)\n+ /AppleInternal/Library/BuildRoots/0c82dae5-52ea-11ee-a2fd-0697ca55970a/Applications/Xcode.app/Contents/Developer/Platforms/iPhoneOS.platform/Developer/SDKs/iPhoneOS17.0.Internal.sdk/usr/local/lib/libaks.a(aks_pack.o)\n+ /AppleInternal/Library/BuildRoots/0c82dae5-52ea-11ee-a2fd-0697ca55970a/Applications/Xcode.app/Contents/Developer/Platforms/iPhoneOS.platform/Developer/SDKs/iPhoneOS17.0.Internal.sdk/usr/local/lib/libaks.a(der_utils.o)\n+ /AppleInternal/Library/BuildRoots/0c82dae5-52ea-11ee-a2fd-0697ca55970a/Applications/Xcode.app/Contents/Developer/Platforms/iPhoneOS.platform/Developer/SDKs/iPhoneOS17.0.Internal.sdk/usr/local/lib/libaks.a(firebloom_hacks.o)\n+ /AppleInternal/Library/BuildRoots/0c82dae5-52ea-11ee-a2fd-0697ca55970a/Applications/Xcode.app/Contents/Developer/Platforms/iPhoneOS.platform/Developer/SDKs/iPhoneOS17.0.Internal.sdk/usr/local/lib/libaks.a(libaks_client.o)\n+ /AppleInternal/Library/BuildRoots/0c82dae5-52ea-11ee-a2fd-0697ca55970a/Applications/Xcode.app/Contents/Developer/Platforms/iPhoneOS.platform/Developer/SDKs/iPhoneOS17.0.Internal.sdk/usr/local/lib/libaks.a(libaks_internal.o)\n+ /AppleInternal/Library/BuildRoots/0c82dae5-52ea-11ee-a2fd-0697ca55970a/Applications/Xcode.app/Contents/Developer/Platforms/iPhoneOS.platform/Developer/SDKs/iPhoneOS17.0.Internal.sdk/usr/local/lib/libaks.a(libaks_ref_key.o)\n- /AppleInternal/Library/BuildRoots/4a252cd4-3693-11ee-95db-7a03568b17ac/Applications/Xcode.app/Contents/Developer/Platforms/iPhoneOS.platform/Developer/SDKs/iPhoneOS17.0.Internal.sdk/usr/local/lib/amd/libDER.a(DER_Decode.o)\n- /AppleInternal/Library/BuildRoots/4a252cd4-3693-11ee-95db-7a03568b17ac/Applications/Xcode.app/Contents/Developer/Platforms/iPhoneOS.platform/Developer/SDKs/iPhoneOS17.0.Internal.sdk/usr/local/lib/libCoreTrust.a(CMS.o)\n- /AppleInternal/Library/BuildRoots/4a252cd4-3693-11ee-95db-7a03568b17ac/Applications/Xcode.app/Contents/Developer/Platforms/iPhoneOS.platform/Developer/SDKs/iPhoneOS17.0.Internal.sdk/usr/local/lib/libCoreTrust.a(CTEvaluate.o)\n- /AppleInternal/Library/BuildRoots/4a252cd4-3693-11ee-95db-7a03568b17ac/Applications/Xcode.app/Contents/Developer/Platforms/iPhoneOS.platform/Developer/SDKs/iPhoneOS17.0.Internal.sdk/usr/local/lib/libCoreTrust.a(CryptoUtils.o)\n- /AppleInternal/Library/BuildRoots/4a252cd4-3693-11ee-95db-7a03568b17ac/Applications/Xcode.app/Contents/Developer/Platforms/iPhoneOS.platform/Developer/SDKs/iPhoneOS17.0.Internal.sdk/usr/local/lib/libCoreTrust.a(DERUtils.o)\n- /AppleInternal/Library/BuildRoots/4a252cd4-3693-11ee-95db-7a03568b17ac/Applications/Xcode.app/Contents/Developer/Platforms/iPhoneOS.platform/Developer/SDKs/iPhoneOS17.0.Internal.sdk/usr/local/lib/libCoreTrust.a(X509Certificate.o)\n- /AppleInternal/Library/BuildRoots/4a252cd4-3693-11ee-95db-7a03568b17ac/Applications/Xcode.app/Contents/Developer/Platforms/iPhoneOS.platform/Developer/SDKs/iPhoneOS17.0.Internal.sdk/usr/local/lib/libCoreTrust.a(X509Chain.o)\n- /AppleInternal/Library/BuildRoots/4a252cd4-3693-11ee-95db-7a03568b17ac/Applications/Xcode.app/Contents/Developer/Platforms/iPhoneOS.platform/Developer/SDKs/iPhoneOS17.0.Internal.sdk/usr/local/lib/libCoreTrust.a(X509Policy.o)\n- /AppleInternal/Library/BuildRoots/4a252cd4-3693-11ee-95db-7a03568b17ac/Applications/Xcode.app/Contents/Developer/Platforms/iPhoneOS.platform/Developer/SDKs/iPhoneOS17.0.Internal.sdk/usr/local/lib/libaks.a(acl_keys.o)\n- /AppleInternal/Library/BuildRoots/4a252cd4-3693-11ee-95db-7a03568b17ac/Applications/Xcode.app/Contents/Developer/Platforms/iPhoneOS.platform/Developer/SDKs/iPhoneOS17.0.Internal.sdk/usr/local/lib/libaks.a(aks_pack.o)\n- /AppleInternal/Library/BuildRoots/4a252cd4-3693-11ee-95db-7a03568b17ac/Applications/Xcode.app/Contents/Developer/Platforms/iPhoneOS.platform/Developer/SDKs/iPhoneOS17.0.Internal.sdk/usr/local/lib/libaks.a(der_utils.o)\n- /AppleInternal/Library/BuildRoots/4a252cd4-3693-11ee-95db-7a03568b17ac/Applications/Xcode.app/Contents/Developer/Platforms/iPhoneOS.platform/Developer/SDKs/iPhoneOS17.0.Internal.sdk/usr/local/lib/libaks.a(firebloom_hacks.o)\n- /AppleInternal/Library/BuildRoots/4a252cd4-3693-11ee-95db-7a03568b17ac/Applications/Xcode.app/Contents/Developer/Platforms/iPhoneOS.platform/Developer/SDKs/iPhoneOS17.0.Internal.sdk/usr/local/lib/libaks.a(libaks_client.o)\n- /AppleInternal/Library/BuildRoots/4a252cd4-3693-11ee-95db-7a03568b17ac/Applications/Xcode.app/Contents/Developer/Platforms/iPhoneOS.platform/Developer/SDKs/iPhoneOS17.0.Internal.sdk/usr/local/lib/libaks.a(libaks_internal.o)\n- /AppleInternal/Library/BuildRoots/4a252cd4-3693-11ee-95db-7a03568b17ac/Applications/Xcode.app/Contents/Developer/Platforms/iPhoneOS.platform/Developer/SDKs/iPhoneOS17.0.Internal.sdk/usr/local/lib/libaks.a(libaks_ref_key.o)\n\n```\n"
    }
  }
}